Kids_First_Participant_ID	sample_id	CNS_region	age_at_diagnosis_yr	Kids_First_Biospecimen_ID_DNA	Kids_First_Biospecimen_ID_RNA	H3F3A.K28M	HIST1H3B.K28M	HIST1H3C.K28M	HIST2H3C.K28M	H3F3A.G35R	H3F3A.G35V	relevant_coding_mutations	IDH1_mutation	TERT_variant_classification	BRAF_V600E	MYCN_focal_status	PDGFRA_focal_status	PTEN_focal_status	1p	19q	7p	7q	10p	10q	cell_line_composition	aliquot_id_DNA	FOXG1_expression_zscore	OLIG2_expression_zscore	TP73_AS1_expression_zscore	NTRK_fusions	FGFR1_fusions	aliquot_id_RNA
PT_0DXHDZJR	7316-2857	Hemispheric	1	BS_QWS88QXE	BS_DS438CXE	No	No	No	No	No	No	None	No R132 or R172	None	No V600E	neutral	neutral	neutral	neutral	neutral	gain	gain	neutral	neutral	NA	NA	0.13863446834081272	0.10835909846651526	0.6455866737764788	None	None	NA
PT_0EBP2PBD	7316-8041	Spine	7	BS_Z61JVJ03	BS_2853394H	Yes	No	No	No	No	No	H3F3A	No R132 or R172	None	No V600E	gain	neutral	loss	gain	neutral	neutral	neutral	neutral	neutral	NA	NA	-0.8304936735078213	-0.5841213424002332	-1.5617297271936927	None	None	NA
PT_0MJEAART	7316-549	Midline	10	NA	BS_PZVHMSYN	NA	NA	NA	NA	NA	NA	NA	NA	NA	NA	NA	NA	NA	NA	NA	NA	NA	NA	NA	NA	NA	-0.8304936735078213	0.18425685515828472	-0.8259552601289682	None	None	NA
PT_0MXPTTM3	7316-3220	Midline	25	BS_8SYN7GXG	NA	No	No	No	No	No	No	ATRX, IDH1, TP53	p.R132H	None	No V600E	gain	neutral	loss	neutral	neutral	neutral	neutral	neutral	neutral	NA	NA	NA	NA	NA	NA	NA	NA
PT_0MXPTTM3	A09410	Midline	25	BS_H3TYF6GD	BS_R7NTZR4C	No	No	No	No	No	No	ATRX, IDH1, TP53	p.R132H	None	No V600E	neutral	neutral	loss	neutral	neutral	neutral	neutral	neutral	neutral	NA	NA	-0.004411556247132278	1.0818205835019292	-1.5955271468790422	None	None	NA
PT_0SPKM4S8	7316-2640	Hemispheric	5	BS_VW4XN9Y7	BS_FX2P2WEG	No	No	No	No	No	No	ATRX, CIC, FGFR1, SETD2, TP53	No R132 or R172	3'Flank, 5'Flank, Intron, Missense_Mutation	No V600E	neutral	neutral	neutral	neutral	neutral	neutral	neutral	neutral	neutral	NA	NA	1.4154739757961252	0.7184957222023463	1.0688121221128468	None	None	NA
PT_18QG3Z4H	7316-1052	Posterior fossa	10	NA	BS_TGS109T3	NA	NA	NA	NA	NA	NA	NA	NA	NA	NA	NA	NA	NA	NA	NA	NA	NA	NA	NA	NA	NA	-0.8304936735078213	1.2614751202819097	0.2405078066514236	None	None	NA
PT_1AAYYGGY	7316-4996	Midline	12	BS_DRVEFVQ5	NA	Yes	No	No	No	No	No	H3F3A, TP53	No R132 or R172	None	No V600E	neutral	neutral	loss	neutral	neutral	neutral	neutral	neutral	neutral	NA	NA	NA	NA	NA	NA	NA	NA
PT_1AAYYGGY	7316-4996	Midline	12	BS_Y96RP1HJ	NA	Yes	No	No	No	No	No	H3F3A, TP53	No R132 or R172	Intron	No V600E	neutral	neutral	loss	neutral	neutral	neutral	neutral	neutral	neutral	NA	NA	NA	NA	NA	NA	NA	NA
PT_1AAYYGGY	A14709	Midline	12	BS_1RTE2KEX	BS_C83TK159	Yes	No	No	No	No	No	H3F3A, TP53	No R132 or R172	None	No V600E	neutral	neutral	loss	neutral	neutral	neutral	neutral	neutral	neutral	NA	NA	-0.6107386721226759	0.4188697666620098	-0.17504391576351613	None	None	NA
PT_1B1Z7BRQ	7316-287	Hemispheric	14	NA	BS_PXCPK5XS	NA	NA	NA	NA	NA	NA	NA	NA	NA	NA	NA	NA	NA	NA	NA	NA	NA	NA	NA	NA	NA	0.9812672215638096	1.5488711570477003	1.1760208483844479	None	None	NA
PT_1DSX4VJM	7316-1708	Midline	6	BS_KYPMZZSY	BS_Q13FQ8FV	Yes	No	No	No	No	No	H3F3A, TP53	No R132 or R172	None	No V600E	neutral	neutral	neutral	neutral	neutral	neutral	neutral	neutral	neutral	NA	NA	-0.8122072317747172	1.07137165512764	0.5605852269350479	None	None	NA
PT_1E3E6GMF	7316-3224	Midline	6	BS_7GKF6M85	NA	Yes	No	No	No	No	No	H3F3A, TP53	No R132 or R172	None	No V600E	neutral	neutral	neutral	neutral	neutral	neutral	neutral	neutral	neutral	NA	NA	NA	NA	NA	NA	NA	NA
PT_1E3E6GMF	A09985	Midline	6	BS_541KKASA	BS_JB43XBCQ	Yes	No	No	No	No	No	H3F3A, TP53	No R132 or R172	None	No V600E	neutral	neutral	neutral	neutral	neutral	neutral	neutral	neutral	neutral	NA	NA	-0.6261775294731611	0.27160849703335926	-0.031150320124185577	None	None	NA
PT_1H2REHT2	7316-3022	Midline	17	BS_79SYEHY3	BS_QWTE1CWR	No	No	No	No	No	No	TP53	No R132 or R172	None	No V600E	neutral	neutral	neutral	neutral	neutral	neutral	neutral	neutral	neutral	NA	NA	-0.8243379387833666	0.6369564045737666	0.21193424439009248	None	None	NA
PT_1H2REHT2	7316-3303	Midline	17	BS_96S0VQBN	BS_WKESC3XN	No	No	No	No	No	No	TP53	No R132 or R172	None	No V600E	neutral	neutral	neutral	neutral	neutral	neutral	neutral	neutral	neutral	NA	NA	0.03175464816824932	0.43055412003396176	-0.09966400444520467	None	None	NA
PT_1YQH5NSH	7316-5815	Midline	6	BS_VCE73HPW	NA	Yes	No	No	No	No	No	H3F3A	No R132 or R172	None	No V600E	neutral	neutral	neutral	neutral	neutral	neutral	neutral	neutral	neutral	NA	NA	NA	NA	NA	NA	NA	NA
PT_1YQH5NSH	7316-5922	Midline	6	BS_169P1QCA	NA	Yes	No	No	No	No	No	H3F3A	No R132 or R172	None	No V600E	neutral	neutral	neutral	neutral	neutral	neutral	neutral	neutral	neutral	NA	NA	NA	NA	NA	NA	NA	NA
PT_1YQH5NSH	A20091	Midline	6	BS_74TZJTW0	BS_R9B92M75	Yes	No	No	No	No	No	ATRX, H3F3A	No R132 or R172	None	No V600E	neutral	neutral	neutral	neutral	neutral	neutral	neutral	neutral	neutral	NA	NA	-0.6261775294731611	0.5969511201697262	0.02055019788084768	None	None	NA
PT_279D9QZ8	7316-325	Posterior fossa	16	BS_1YTHM07J	BS_PKW05VZV	No	No	No	No	No	No	None	No R132 or R172	None	No V600E	neutral	neutral	neutral	neutral	neutral	neutral	neutral	neutral	neutral	NA	NA	-0.8304936735078213	-0.42819585593314546	-0.6020844729530713	None	None	NA
PT_2JDDX6TJ	7316-409	Midline	11	BS_B9QP40ER	BS_XZM79E42	Yes	No	No	No	No	No	ATRX, H3F3A, TP53	No R132 or R172	None	No V600E	loss	neutral	loss	neutral	neutral	neutral	neutral	neutral	neutral	NA	NA	-0.4775628786957917	-1.1817410043656844	0.23763997089966726	None	None	NA
PT_2QZJ4T95	7316-715	Midline	8	NA	BS_B1C6GZ84	NA	NA	NA	NA	NA	NA	NA	NA	NA	NA	NA	NA	NA	NA	NA	NA	NA	NA	NA	NA	NA	-0.8182428526777062	1.148149509319172	0.3827741954266395	None	None	NA
PT_2WVW55DA	7316-2092	Hemispheric	0	BS_M28HG0NT	BS_M7HCF7DW	No	No	No	No	No	No	ATRX, TP53	No R132 or R172	None	No V600E	neutral	neutral	neutral	neutral	neutral	neutral	neutral	neutral	neutral	NA	NA	1.823613393052623	-1.3060004795374263	0.5407053436265421	None	None	NA
PT_2WVW55DA	7316-2100	Hemispheric	0	BS_RG6JK7ZN	BS_CXVGG342	No	No	No	No	No	No	TP53	No R132 or R172	None	No V600E	neutral	neutral	neutral	neutral	neutral	neutral	neutral	neutral	neutral	NA	NA	1.7722912983378627	-0.8995377093261173	0.5097470424373162	None	None	NA
PT_30H1KV15	7316-1059	Other	13	NA	BS_C41DJZ1F	NA	NA	NA	NA	NA	NA	NA	NA	NA	NA	NA	NA	NA	NA	NA	NA	NA	NA	NA	NA	NA	-0.33991183898274285	0.4087715135007479	0.7841083257114888	None	None	NA
PT_37B5JRP1	7316-2217	Midline	14	BS_EJV0N3BX	BS_M0QYNVK8	No	No	No	No	No	No	TP53	No R132 or R172	Intron	No V600E	neutral	neutral	neutral	neutral	neutral	gain	gain	neutral	neutral	NA	NA	0.6277008369351548	0.40226091243823	0.8180240067153806	None	None	NA
PT_37B5JRP1	7316-2554	Other	14	BS_8Q8N6AHW	BS_S6S7SK3P	No	No	No	No	No	No	TP53	No R132 or R172	None	No V600E	neutral	neutral	neutral	neutral	neutral	neutral	neutral	neutral	neutral	NA	NA	-0.6049085839796947	0.09233984395252594	0.49723424487743395	None	None	NA
PT_387VK1T9	7316-3625	Hemispheric	0	BS_F064HMTP	BS_9XVACXP0	No	No	No	No	No	No	None	No R132 or R172	None	No V600E	neutral	neutral	neutral	neutral	neutral	neutral	neutral	neutral	neutral	NA	NA	1.7176325675788884	-1.5975437622733852	-0.06448225837358576	None	None	NA
PT_3AWKWXEV	7316-85	Hemispheric	2	BS_CZRA594T	BS_59ZJWJTF	No	No	No	No	No	No	BRAF	No R132 or R172	None	p.V600E	neutral	neutral	neutral	neutral	neutral	neutral	neutral	neutral	neutral	A	739824	0.5342858210221426	-1.5558173821891303	-0.45603846883001514	None	None	740007
PT_3AWKWXEV	7316-85	Hemispheric	2	BS_E42SSQGJ	BS_BYCX6VK1	No	No	No	No	No	No	BRAF	No R132 or R172	None	p.V600E	neutral	neutral	neutral	neutral	neutral	neutral	neutral	neutral	neutral	NA	NA	1.7665144074417223	-0.36820865324790897	0.24239038502125315	None	None	NA
PT_3AWKWXEV	7316-85	Hemispheric	2	BS_ERAWW3H7	BS_QYPHA40N	No	No	No	No	No	No	BRAF	No R132 or R172	None	p.V600E	neutral	neutral	neutral	neutral	neutral	neutral	neutral	neutral	neutral	S	739827	1.4107005742162	0.5271106689583231	0.5847961492099076	None	None	740010
PT_3CHB9PK5	7316-2085	Hemispheric	7	BS_8AY2GM4G	BS_G3RJTBZD	No	No	No	No	No	No	ATRX, BRAF, CIC, DAXX, FUBP1, SETD2, TP53	No R132 or R172	3'Flank, 3'UTR, Intron, Missense_Mutation	No V600E	neutral	neutral	neutral	neutral	neutral	neutral	neutral	neutral	neutral	NA	NA	-0.8243379387833666	0.20562965119212032	-0.4119601262401284	None	None	NA
PT_3CHB9PK5	7316-515	Hemispheric	7	BS_20TBZG09	BS_W9N9844Q	No	No	No	No	No	No	ATRX, BRAF, CIC, DAXX, FGFR1, FUBP1, SETD2, TP53	No R132 or R172	3'Flank, 3'UTR, 5'Flank, Intron, Missense_Mutation	No V600E	neutral	neutral	neutral	neutral	neutral	neutral	neutral	neutral	neutral	NA	NA	-0.7494335322238488	1.0564156451962747	0.38773944125658516	None	None	NA
PT_3QFBAXAN	7316-8101	Midline	4	BS_4K7SDXC7	BS_3ZPJAK9A	Yes	No	No	No	No	No	H3F3A, TP53	No R132 or R172	None	No V600E	neutral	neutral	neutral	neutral	neutral	neutral	neutral	neutral	neutral	NA	NA	-0.8182428526777062	-1.2502074987492258	-1.5533481726750842	None	None	NA
PT_3X3MF8ZD	7316-114	Other	9	BS_3NX3RBCX	BS_23QW0BBA	No	No	No	No	No	No	None	No R132 or R172	None	No V600E	neutral	neutral	neutral	neutral	neutral	neutral	neutral	neutral	neutral	NA	NA	-0.8304936735078213	1.6372052096760268	-2.4541992756984867	None	None	NA
PT_40HTPY49	7316-466	Midline	7	BS_T7WMJ08W	BS_0VXZCRJS	Yes	No	No	No	No	No	H3F3A	No R132 or R172	5'Flank	No V600E	neutral	neutral	neutral	neutral	neutral	neutral	neutral	neutral	neutral	NA	NA	-0.6031323989239209	0.25187787953758484	0.3169499656694025	None	None	NA
PT_4347ZBEX	7316-913	Hemispheric	3	BS_FJEZ3ASV	BS_8ZD6J47V	No	No	No	No	No	No	None	No R132 or R172	None	No V600E	neutral	neutral	loss	neutral	neutral	neutral	neutral	neutral	neutral	S	739829	-0.8304936735078213	1.1227292772853201	-0.2421534455290486	None	None	739932
PT_4347ZBEX	7316-913	Hemispheric	3	BS_PKZ1HWNB	BS_M8EA6R2A	No	No	No	No	No	No	None	No R132 or R172	Intron	No V600E	neutral	neutral	neutral	neutral	neutral	neutral	neutral	neutral	neutral	A	739828	-0.8243379387833666	0.896423422569806	0.5206346574890279	None	None	739931
PT_4347ZBEX	7316-913	Hemispheric	3	BS_742CDKAS	BS_1EBQ3T20	No	No	No	No	No	No	None	No R132 or R172	Intron	No V600E	neutral	amplification	neutral	neutral	neutral	neutral	neutral	neutral	neutral	NA	NA	-0.6681830089609878	0.9943655931228278	-0.13757190142789144	None	None	NA
PT_4A2H0KNR	7316-2599	Hemispheric	0	NA	BS_S2TA8R29	NA	NA	NA	NA	NA	NA	NA	NA	NA	NA	NA	NA	NA	NA	NA	NA	NA	NA	NA	NA	NA	0.9510590698780389	-0.5433256211503477	-0.3010642440787718	None	None	NA
PT_4B34NTJB	7316-8042	Midline	8	BS_KT3GAAQV	BS_KRS4EV4X	No	No	No	No	No	No	None	No R132 or R172	None	No V600E	neutral	neutral	loss	gain	neutral	neutral	neutral	neutral	neutral	NA	NA	-0.8243379387833666	-0.5213588993393968	-0.6970934493296144	None	None	NA
PT_4XB3YTJM	7316-388	Midline	5	BS_823V5X6Z	BS_RX1YTZ7F	Yes	No	No	No	No	No	H3F3A, TP53	No R132 or R172	None	No V600E	neutral	gain	neutral	neutral	neutral	neutral	neutral	neutral	neutral	NA	NA	-0.6261775294731611	0.5904396044598498	-0.3048233507196833	None	None	NA
PT_4YWZ538V	7316-719	Other	7	NA	BS_6DCSD5Y6	NA	NA	NA	NA	NA	NA	NA	NA	NA	NA	NA	NA	NA	NA	NA	NA	NA	NA	NA	NA	NA	-0.8062299269612766	-0.08311170344785748	0.3392409409009395	None	None	NA
PT_59D00MBQ	7316-1936	Midline	8	BS_QG6V29H7	BS_ZVWE73JZ	Yes	No	No	No	No	No	ATRX, H3F3A, TP53	No R132 or R172	None	No V600E	neutral	neutral	neutral	neutral	neutral	neutral	neutral	neutral	neutral	NA	NA	-0.8182428526777062	0.9285803013075158	0.36613771108127824	None	None	NA
PT_59D00MBQ	7316-1937	Midline	8	BS_3E5C1PN1	BS_TM9MH0RP	Yes	No	No	No	No	No	ATRX, H3F3A, TP53	No R132 or R172	None	No V600E	neutral	neutral	neutral	neutral	neutral	neutral	neutral	neutral	neutral	NA	NA	-0.8243379387833666	0.4670333409364297	-0.30566533516030636	NTRK2--CTNND2	None	NA
PT_59D00MBQ	7316-2810	Midline	8	NA	BS_NNPEC7W1	NA	NA	NA	NA	NA	NA	NA	NA	NA	NA	NA	NA	NA	NA	NA	NA	NA	NA	NA	NA	NA	-0.7828820151275354	0.17402085384779284	1.1735683327459867	None	None	NA
PT_59FJRPVX	7316-3769	Other	8	BS_WJB33V17	BS_AWH9757B	No	No	No	No	No	No	None	No R132 or R172	None	No V600E	neutral	neutral	neutral	neutral	neutral	neutral	neutral	neutral	neutral	NA	NA	1.0292667395962782	0.9489984596358932	-0.6640303882227244	None	None	NA
PT_5BWZA0NT	7316-1102	Ventricles	12	BS_BFDEZK1C	BS_MB7WN0ZB	Yes	No	No	No	No	No	H3F3A	No R132 or R172	5'Flank	No V600E	neutral	gain	neutral	neutral	neutral	gain	gain	neutral	neutral	NA	NA	-0.8243379387833666	1.1668954162608836	0.11062361242264152	None	None	NA
PT_5K5CZXYB	7316-8035	Other	14	BS_XNYH7VK6	BS_B4R7X1KE	No	No	No	No	Yes	No	ATRX, H3F3A, TP53	No R132 or R172	None	No V600E	gain	neutral	neutral	neutral	neutral	neutral	neutral	neutral	neutral	NA	NA	1.93862010039305	-1.6599376213189343	1.4536598109017174	None	None	NA
PT_5R8EWT55	7316-8030	Midline	2	BS_X0KN4VVW	BS_9TXEDSWB	No	No	No	No	No	No	None	No R132 or R172	None	No V600E	neutral	neutral	neutral	neutral	neutral	neutral	neutral	neutral	neutral	NA	NA	-0.8304936735078213	-0.2280618568724338	0.14060541706759522	None	None	NA
PT_63F63QY0	7316-3521	Midline	11	BS_KAD49R68	BS_VMQMGSJY	Yes	No	No	No	No	No	BRAF, H3F3A	No R132 or R172	5'Flank	p.V600E	neutral	neutral	neutral	neutral	neutral	neutral	neutral	neutral	neutral	NA	NA	-0.8122072317747172	-0.26782296980752646	-1.2143260366617152	None	None	NA
PT_63HDZHCN	7316-2980	Hemispheric	8	BS_S0T3CQ97	BS_29X4ZX6Q	No	No	No	No	No	No	ATRX, TP53	No R132 or R172	5'Flank, Intron	No V600E	amplification	neutral	loss	neutral	neutral	neutral	neutral	neutral	neutral	NA	NA	0.4636301534614918	0.5477133844560843	0.5696972023667554	None	None	NA
PT_6D9C46GC	7316-620	Hemispheric	0	NA	BS_PS0P3QJ3	NA	NA	NA	NA	NA	NA	NA	NA	NA	NA	NA	NA	NA	NA	NA	NA	NA	NA	NA	NA	NA	2.668990021159815	-1.6544316250970055	-0.5310523647446346	None	None	NA
PT_6GDPNFA6	7316-2610	Hemispheric	4	BS_XGVSX8BX	BS_45J79YTF	No	No	No	No	No	No	None	No R132 or R172	None	No V600E	neutral	neutral	loss	neutral	neutral	neutral	neutral	neutral	neutral	NA	NA	0.26757391660460955	1.2390413394687427	-3.3674610682814303	None	None	NA
PT_6PP78VNE	7316-1893	Hemispheric	18	NA	BS_M85CXHDV	NA	NA	NA	NA	NA	NA	NA	NA	NA	NA	NA	NA	NA	NA	NA	NA	NA	NA	NA	NA	NA	1.3521667566121942	-0.9842462950219943	-0.4859488007023024	None	None	NA
PT_6PP78VNE	7316-1893	Hemispheric	18	NA	BS_6VPKXXMR	NA	NA	NA	NA	NA	NA	NA	NA	NA	NA	NA	NA	NA	NA	NA	NA	NA	NA	NA	NA	NA	1.156879678040373	-1.014173788876791	-1.3089005378783423	None	None	NA
PT_6Q0NPVP3	7316-2255	Hemispheric	2	BS_E5H6CFYT	BS_5JM573JC	No	Yes	No	No	No	No	HIST1H3B	No R132 or R172	None	No V600E	neutral	neutral	neutral	neutral	neutral	neutral	neutral	neutral	neutral	NA	NA	-0.5058723444141542	-1.4287161802604322	0.33754835072117156	None	None	NA
PT_6SH7PV1N	7316-535	Hemispheric	3	BS_MW63FCZC	BS_FEV5A0HN	No	No	No	No	No	No	None	No R132 or R172	None	No V600E	neutral	neutral	neutral	gain	neutral	neutral	neutral	neutral	neutral	NA	NA	0.8958704591071408	1.0913788429799889	1.0008786990222043	None	None	NA
PT_6VD8J6FB	7316-8032	Hemispheric	18	BS_2DNGDW0A	BS_RJC3WDD6	No	No	No	No	Yes	No	ATRX, H3F3A, TP53	No R132 or R172	None	No V600E	neutral	neutral	neutral	neutral	neutral	neutral	neutral	neutral	neutral	NA	NA	2.1590926740833547	-0.7644034595711245	1.274408398108891	None	None	NA
PT_7570EHD9	7316-1064	Hemispheric	5	NA	BS_JVW2JJ39	NA	NA	NA	NA	NA	NA	NA	NA	NA	NA	NA	NA	NA	NA	NA	NA	NA	NA	NA	NA	NA	1.3455931220108597	0.7336772593602796	1.0568418830581585	None	None	NA
PT_7DTGJYA7	7316-1695	Other	2	NA	BS_1D6PZNKN	NA	NA	NA	NA	NA	NA	NA	NA	NA	NA	NA	NA	NA	NA	NA	NA	NA	NA	NA	NA	NA	-0.516952871709148	1.042501908549185	-0.8617030546027412	None	FGFR1--TACC1	NA
PT_7DTGJYA7	7316-639	Midline	2	NA	BS_30VC3R2Q	NA	NA	NA	NA	NA	NA	NA	NA	NA	NA	NA	NA	NA	NA	NA	NA	NA	NA	NA	NA	NA	-0.8182428526777062	1.1227292772853201	-0.15036212510940888	None	None	NA
PT_7E3V3JFX	7316-506	Posterior fossa	1	BS_G16NM5WJ	BS_J8VX4D17	No	Yes	No	No	No	No	HIST1H3B	No R132 or R172	None	No V600E	neutral	neutral	neutral	neutral	neutral	neutral	neutral	neutral	neutral	NA	NA	-0.8243379387833666	-0.8033778866374297	0.6485073377329984	None	None	NA
PT_7FZ8SE69	7316-2152	Other	12	BS_KHSYAB3J	BS_4B0BAVTX	Yes	No	No	No	No	No	H3F3A, TP53	No R132 or R172	Intron	No V600E	neutral	neutral	neutral	neutral	neutral	neutral	neutral	neutral	neutral	NA	NA	-0.8243379387833666	0.4048517171958638	0.34431050714844214	None	None	NA
PT_7P6J57H3	7316-3226	Midline	5	BS_2X60Q1ET	NA	Yes	No	No	No	No	No	H3F3A	No R132 or R172	None	No V600E	neutral	neutral	neutral	neutral	neutral	neutral	neutral	neutral	neutral	NA	NA	NA	NA	NA	NA	NA	NA
PT_7P6J57H3	7316-3226	Midline	5	BS_7G3AFSCR	NA	Yes	No	No	No	No	No	H3F3A	No R132 or R172	None	No V600E	neutral	neutral	neutral	neutral	neutral	neutral	neutral	neutral	neutral	NA	NA	NA	NA	NA	NA	NA	NA
PT_7P6J57H3	7316-3226	Midline	5	BS_B4PPG3X5	NA	Yes	No	No	No	No	No	H3F3A	No R132 or R172	None	No V600E	neutral	neutral	neutral	neutral	neutral	neutral	neutral	neutral	neutral	NA	NA	NA	NA	NA	NA	NA	NA
PT_7P6J57H3	A12911	Midline	5	BS_Y0DGBKTY	BS_XM1AHBDJ	Yes	No	No	No	No	No	H3F3A	No R132 or R172	None	No V600E	neutral	neutral	neutral	gain	neutral	neutral	neutral	neutral	neutral	NA	NA	-0.6261775294731611	-0.9652155157925565	-2.8246585258750136	None	None	NA
PT_7WT6P5M8	7316-2308	Posterior fossa	3	BS_JB3J82ZK	BS_7327SDAQ	No	No	No	No	No	No	TP53	No R132 or R172	Intron	No V600E	neutral	neutral	loss	neutral	neutral	neutral	neutral	neutral	neutral	NA	NA	-0.7494335322238488	1.0609548224968837	0.45924025407143804	None	None	NA
PT_814K3T0D	7316-4999	Midline	8	BS_Z3AB3KMP	NA	Yes	No	No	No	No	No	H3F3A, TP53	No R132 or R172	None	No V600E	neutral	neutral	loss	neutral	neutral	neutral	neutral	loss	loss	NA	NA	NA	NA	NA	NA	NA	NA
PT_84Q11Z5X	7316-288	Midline	14	NA	BS_KBEX4RT2	NA	NA	NA	NA	NA	NA	NA	NA	NA	NA	NA	NA	NA	NA	NA	NA	NA	NA	NA	NA	NA	-0.6261775294731611	1.2805044458064154	0.3785752863533621	None	None	NA
PT_858H7ABM	7316-903	Midline	16	BS_872Q3FK2	BS_S5P8VTN5	Yes	No	No	No	No	No	ATRX, H3F3A	No R132 or R172	None	No V600E	neutral	neutral	neutral	neutral	neutral	neutral	neutral	neutral	neutral	NA	NA	-0.5963753971672606	1.2110513467464155	-0.03190212436379912	None	None	NA
PT_89XRZBSG	7316-1789	Hemispheric	6	BS_X1DSETVE	BS_49FQXT2E	No	No	No	No	No	No	None	No R132 or R172	None	No V600E	neutral	neutral	neutral	neutral	neutral	neutral	neutral	neutral	neutral	NA	NA	0.7755123852707178	0.24174779509705643	-0.37830798539467136	None	None	NA
PT_89XRZBSG	7316-445	Hemispheric	6	BS_G9MQM1KK	BS_ZD5HN296	No	No	No	No	No	No	None	No R132 or R172	None	No V600E	neutral	neutral	neutral	neutral	neutral	neutral	neutral	neutral	neutral	NA	NA	1.0265460719433204	-0.4191293028811846	-0.05292741005898487	None	None	NA
PT_8GN3TQRM	7316-2069	Hemispheric	5	BS_QQP17PDQ	BS_WAXJY4XQ	No	No	No	No	No	No	None	No R132 or R172	None	No V600E	gain	neutral	loss	gain	neutral	gain	gain	loss	loss	NA	NA	1.1533830812079824	0.48700309384543855	1.2240421036127664	None	None	NA
PT_8GN3TQRM	7316-2091	Hemispheric	5	BS_RXSBJ929	BS_WJ9H4NZZ	No	No	No	No	No	No	None	No R132 or R172	None	No V600E	gain	neutral	loss	gain	neutral	gain	gain	loss	loss	NA	NA	1.2399551685622805	0.9823251543556537	1.8749256057710875	None	None	NA
PT_8GN3TQRM	7316-2737	Hemispheric	5	BS_S791VC80	BS_P0QF87WC	No	No	No	No	No	No	None	No R132 or R172	None	No V600E	gain	neutral	loss	gain	neutral	gain	gain	neutral	neutral	NA	NA	0.9007878809389596	-0.1425536169684149	0.7800012309976452	NTRK3--NTRK3	None	NA
PT_8HZN8J7C	7316-8034	Hemispheric	-3	BS_BT83BCEE	BS_JTWNJ8T7	No	No	No	No	No	No	None	No R132 or R172	None	No V600E	gain	neutral	neutral	neutral	neutral	neutral	neutral	neutral	neutral	NA	NA	1.0940189249136885	0.8991393968200257	0.20653296273144553	None	None	NA
PT_8P368R5B	7316-4998	Midline	13	BS_CD7AXQM8	NA	No	No	No	No	No	No	None	No R132 or R172	None	No V600E	neutral	neutral	neutral	neutral	neutral	neutral	neutral	neutral	neutral	NA	NA	NA	NA	NA	NA	NA	NA
PT_8SF8D0M9	7316-8100	Midline	6	BS_Z8GRJ71M	BS_4KNBXM3C	Yes	No	No	No	No	No	H3F3A, TP53	No R132 or R172	None	No V600E	neutral	neutral	neutral	neutral	neutral	loss	loss	neutral	neutral	NA	NA	-0.8062299269612766	-0.3423187416407347	-1.643076126523863	None	None	NA
PT_9BZETM0M	7316-158	Hemispheric	17	BS_STNH7YSX	BS_5P1TN10Z	No	No	No	No	Yes	No	H3F3A, TP53	No R132 or R172	None	No V600E	gain	neutral	neutral	neutral	neutral	gain	gain	neutral	neutral	NA	NA	1.9227930716996022	-1.452552478897616	1.1848904776366116	None	None	NA
PT_9BZETM0M	7316-158	Hemispheric	17	BS_STNH7YSX	BS_TV5B86ZD	No	No	No	No	Yes	No	H3F3A, TP53	No R132 or R172	None	No V600E	gain	neutral	neutral	neutral	neutral	gain	gain	neutral	neutral	NA	NA	1.4319765013585728	-1.6555558990761416	0.7703865241620571	None	None	NA
PT_9GKVQ9QS	7316-3213	Midline	5	BS_JRFVST47	NA	Yes	No	No	No	No	No	H3F3A, TP53	No R132 or R172	None	No V600E	neutral	amplification	neutral	neutral	neutral	neutral	neutral	neutral	neutral	NA	NA	NA	NA	NA	NA	NA	NA
PT_9GKVQ9QS	7316-3213	Midline	5	BS_3Z40EZHD	NA	Yes	No	No	No	No	No	H3F3A, TP53	No R132 or R172	None	No V600E	neutral	gain	loss	neutral	neutral	neutral	neutral	neutral	neutral	NA	NA	NA	NA	NA	NA	NA	NA
PT_9GKVQ9QS	A05262	Midline	5	BS_6B62YT97	BS_GWSJ4Z9H	Yes	No	No	No	No	No	H3F3A, TP53	No R132 or R172	None	No V600E	neutral	neutral	neutral	neutral	neutral	neutral	neutral	neutral	neutral	NA	NA	0.341561164673814	0.34614708312693937	-0.10091253667441206	None	None	NA
PT_9JT1441X	7316-544	Midline	10	NA	BS_7GJT4A6A	NA	NA	NA	NA	NA	NA	NA	NA	NA	NA	NA	NA	NA	NA	NA	NA	NA	NA	NA	NA	NA	-0.8304936735078213	0.5925330697972809	0.40748336497520204	None	None	NA
PT_9N0SR1D7	7316-249	Other	14	NA	BS_YEW22W35	NA	NA	NA	NA	NA	NA	NA	NA	NA	NA	NA	NA	NA	NA	NA	NA	NA	NA	NA	NA	NA	-0.7886369053293707	1.498080029445091	1.1769714173911239	None	None	NA
PT_9W4WTVFZ	7316-1312	Other	7	NA	BS_PQVTB6BB	NA	NA	NA	NA	NA	NA	NA	NA	NA	NA	NA	NA	NA	NA	NA	NA	NA	NA	NA	NA	NA	-0.8243379387833666	0.9937341073237264	0.6235506948169691	None	None	NA
PT_A06JR0E5	7316-5004	Midline	6	BS_4DYW3T2A	NA	Yes	No	No	No	No	No	H3F3A, TP53	No R132 or R172	None	No V600E	neutral	neutral	loss	neutral	gain	neutral	neutral	neutral	neutral	NA	NA	NA	NA	NA	NA	NA	NA
PT_A06JR0E5	A17096	Midline	6	BS_XPZAD9PP	BS_X4DD4KSZ	Yes	No	No	No	No	No	H3F3A, TP53	No R132 or R172	None	No V600E	neutral	neutral	neutral	neutral	gain	neutral	neutral	neutral	neutral	NA	NA	-0.5589902245181395	0.542000846319362	1.0461260428053285	None	None	NA
PT_A325EYR2	7316-2557	Other	7	BS_YB99Q6TN	BS_5965SFPZ	Yes	No	No	No	No	No	H3F3A	No R132 or R172	None	No V600E	neutral	neutral	neutral	neutral	neutral	neutral	neutral	neutral	neutral	NA	NA	-0.8243379387833666	0.39931774929695063	-0.33348652226263376	None	None	NA
PT_AP658JQV	7316-1694	Hemispheric	12	NA	BS_8MA5B8Y9	NA	NA	NA	NA	NA	NA	NA	NA	NA	NA	NA	NA	NA	NA	NA	NA	NA	NA	NA	NA	NA	0.5958450865828544	-1.4586726311830882	-0.4609939096629593	None	None	NA
PT_AP658JQV	7316-519	Hemispheric	12	NA	BS_3MS8WVNR	NA	NA	NA	NA	NA	NA	NA	NA	NA	NA	NA	NA	NA	NA	NA	NA	NA	NA	NA	NA	NA	1.5005168780711986	-0.5433256211503477	0.11251012139400945	None	None	NA
PT_ARCM3PXM	7316-1187	Hemispheric	13	NA	BS_FYRDYBMZ	NA	NA	NA	NA	NA	NA	NA	NA	NA	NA	NA	NA	NA	NA	NA	NA	NA	NA	NA	NA	NA	1.3734122153246309	0.19724263840858472	-1.3388823425232959	None	None	NA
PT_B38P3Y5T	7316-3208	Midline	9	BS_DH86PF5A	BS_97M1E2DW	Yes	No	No	No	No	No	H3F3A	No R132 or R172	None	No V600E	neutral	neutral	neutral	neutral	neutral	neutral	neutral	neutral	neutral	NA	NA	-0.7771801661428214	1.0325646415981478	0.36446676009110385	None	None	NA
PT_C2D4JXS1	7316-1746	Posterior fossa	6	BS_68TZMZH1	BS_0RQ4P069	No	No	No	No	No	No	TP53	No R132 or R172	None	No V600E	neutral	neutral	neutral	neutral	neutral	neutral	neutral	neutral	neutral	A	739839	-0.8304936735078213	-1.7608367113882708	-0.5290677520958028	None	None	739942
PT_C2D4JXS1	7316-1746	Posterior fossa	6	BS_AFBPM6CN	BS_PNYN0AYD	No	No	No	No	No	No	TP53	No R132 or R172	None	No V600E	neutral	neutral	neutral	neutral	neutral	neutral	neutral	neutral	neutral	S	739838	-0.8122072317747172	-1.7153641533687825	1.119517390097066	None	None	739941
PT_C2D4JXS1	7316-1746	Posterior fossa	6	NA	BS_R5SNFB5B	NA	NA	NA	NA	NA	NA	NA	NA	NA	NA	NA	NA	NA	NA	NA	NA	NA	NA	NA	NA	NA	-0.8243379387833666	-1.7768486472638694	0.06289915293817154	None	None	NA
PT_C5FKRB1P	7316-4994	Midline	12	BS_0AK4F99X	NA	No	No	No	No	No	No	None	No R132 or R172	None	No V600E	neutral	neutral	neutral	neutral	neutral	neutral	neutral	neutral	neutral	NA	NA	NA	NA	NA	NA	NA	NA
PT_C5FKRB1P	7316-4994	Midline	12	BS_Z64NEPNE	NA	No	No	No	No	No	No	None	No R132 or R172	Intron	No V600E	neutral	neutral	neutral	neutral	neutral	neutral	neutral	neutral	neutral	NA	NA	NA	NA	NA	NA	NA	NA
PT_C5FKRB1P	A14565	Midline	12	BS_A6YJ3WG2	BS_W7MFJZ5A	No	No	No	No	No	No	None	No R132 or R172	None	No V600E	neutral	neutral	neutral	neutral	neutral	neutral	neutral	neutral	neutral	NA	NA	-0.5881389210879021	0.5740193781282703	0.6527883968411569	None	None	NA
PT_C71G98K3	7316-8658	Midline	18	BS_WPV7N6NQ	BS_E7NVYA6G	Yes	No	No	No	No	No	H3F3A, TP53	No R132 or R172	None	No V600E	neutral	neutral	neutral	neutral	neutral	neutral	neutral	neutral	neutral	NA	NA	-0.5436063700849225	-1.5068257597980519	-1.549169959391142	None	None	NA
PT_C86SGM7B	7316-8336	Hemispheric	15	BS_G5VS97AD	BS_8ZE4Z9G5	No	No	No	No	Yes	No	ATRX, H3F3A, TP53	No R132 or R172	None	No V600E	neutral	neutral	neutral	gain	neutral	neutral	neutral	neutral	neutral	NA	NA	2.234930660833674	-1.7933292911348488	0.8247416323215901	None	None	NA
PT_C9YDTZPA	7316-5000	Midline	5	BS_B19AWBBW	NA	Yes	No	No	No	No	No	H3F3A	No R132 or R172	None	No V600E	neutral	neutral	neutral	neutral	neutral	neutral	neutral	neutral	neutral	NA	NA	NA	NA	NA	NA	NA	NA
PT_C9YDTZPA	A15726	Midline	5	BS_74SJ7YV4	BS_Z3RCA1T9	Yes	No	No	No	No	No	H3F3A	No R132 or R172	None	No V600E	neutral	neutral	neutral	neutral	neutral	neutral	neutral	neutral	neutral	NA	NA	-0.6261775294731611	1.0344019735857464	1.078052670884228	None	None	NA
PT_CB1DN0V8	7316-2241	Hemispheric	6	NA	BS_84XCR9GG	NA	NA	NA	NA	NA	NA	NA	NA	NA	NA	NA	NA	NA	NA	NA	NA	NA	NA	NA	NA	NA	1.8494303784311659	0.9570639781804245	0.07637215432386768	None	None	NA
PT_CSKHQB16	7316-4995	Midline	4	BS_KQRAHH6Y	NA	No	Yes	No	No	No	No	HIST1H3B, TP53	No R132 or R172	Intron	No V600E	neutral	neutral	loss	neutral	neutral	neutral	neutral	neutral	neutral	NA	NA	NA	NA	NA	NA	NA	NA
PT_CSKHQB16	7316-4995	Midline	4	BS_X6H86RTA	NA	No	Yes	No	No	No	No	HIST1H3B, SETD2, TP53	No R132 or R172	Intron	No V600E	neutral	neutral	loss	neutral	neutral	neutral	neutral	neutral	neutral	NA	NA	NA	NA	NA	NA	NA	NA
PT_CSKHQB16	A14567	Midline	4	BS_CX6KACX6	BS_QNNX91SM	No	Yes	No	No	No	No	HIST1H3B, TP53	No R132 or R172	None	No V600E	neutral	neutral	loss	neutral	neutral	neutral	neutral	neutral	neutral	NA	NA	-0.6184198851800813	0.8784486217123256	1.2178968740422986	None	None	NA
PT_CSZ9QA1N	7316-1464	Other	108	NA	BS_2EN3X6HB	NA	NA	NA	NA	NA	NA	NA	NA	NA	NA	NA	NA	NA	NA	NA	NA	NA	NA	NA	NA	NA	-0.8304936735078213	0.1752049730362795	-0.63417505234126	None	None	NA
PT_CSZ9QA1N	7316-371	Other	108	NA	BS_W60RQAKK	NA	NA	NA	NA	NA	NA	NA	NA	NA	NA	NA	NA	NA	NA	NA	NA	NA	NA	NA	NA	NA	-0.3152175800767812	0.4473722589059303	0.8287618739691445	None	None	NA
PT_DJ106XYS	7316-3935	Other	12	BS_WJF6ZXWN	BS_NR3P3GN2	Yes	No	No	No	No	No	H3F3A, TP53	No R132 or R172	None	No V600E	neutral	neutral	neutral	neutral	neutral	neutral	neutral	neutral	neutral	NA	NA	-0.8304936735078213	0.5355493721758057	0.3811164901849071	None	None	NA
PT_DMAF1J4A	7316-5006	Midline	6	BS_JD05XR6E	NA	Yes	No	No	No	No	No	H3F3A, TP53	No R132 or R172	None	No V600E	gain	gain	neutral	neutral	neutral	neutral	neutral	neutral	neutral	NA	NA	NA	NA	NA	NA	NA	NA
PT_DMAF1J4A	A18552	Midline	6	BS_JCWD4DMA	BS_H97S5SQN	Yes	No	No	No	No	No	H3F3A, TP53	No R132 or R172	Intron, Missense_Mutation	No V600E	gain	gain	neutral	neutral	neutral	neutral	neutral	neutral	neutral	NA	NA	-0.6031323989239209	0.5704697093192831	0.9540177872184697	None	None	NA
PT_DNH1VP67	7316-1062	Other	5	NA	BS_T1YHK6B7	NA	NA	NA	NA	NA	NA	NA	NA	NA	NA	NA	NA	NA	NA	NA	NA	NA	NA	NA	NA	NA	-0.8304936735078213	0.2515712530485968	1.0094920476927616	None	None	NA
PT_DW2XRPC9	7316-1723	Hemispheric	10	NA	BS_8ZS9F31R	NA	NA	NA	NA	NA	NA	NA	NA	NA	NA	NA	NA	NA	NA	NA	NA	NA	NA	NA	NA	NA	-0.8304936735078213	-1.7301173589666141	-1.5913325781934085	None	None	NA
PT_DW2XRPC9	7316-430	Hemispheric	10	NA	BS_5CTVXVRX	NA	NA	NA	NA	NA	NA	NA	NA	NA	NA	NA	NA	NA	NA	NA	NA	NA	NA	NA	NA	NA	-0.8304936735078213	-1.6094816327796682	-1.5325400900198272	None	None	NA
PT_EN2RN5Y1	7316-5005	Midline	8	BS_G65EA38C	NA	Yes	No	No	No	No	No	ATRX, H3F3A	No R132 or R172	None	No V600E	neutral	neutral	neutral	neutral	neutral	neutral	neutral	neutral	neutral	NA	NA	NA	NA	NA	NA	NA	NA
PT_EN2RN5Y1	A17997	Midline	8	BS_328C4BW5	BS_NEVYM2FP	Yes	No	No	No	No	No	ATRX, H3F3A	No R132 or R172	None	No V600E	neutral	neutral	neutral	neutral	neutral	neutral	neutral	neutral	neutral	NA	NA	-0.6184198851800813	0.7294217044723686	0.1617564670974156	None	None	NA
PT_FF0NV7ZM	7316-716	Hemispheric	1	NA	BS_4PWDGEB0	NA	NA	NA	NA	NA	NA	NA	NA	NA	NA	NA	NA	NA	NA	NA	NA	NA	NA	NA	NA	NA	-0.07801682231879337	-1.3282668534715263	0.3889156371104628	None	None	NA
PT_FKCPVY7V	7316-8031	Midline	11	BS_4SCDT7M9	BS_862NMAR7	Yes	No	No	No	No	No	ATRX, H3F3A, TP53	No R132 or R172	None	No V600E	gain	neutral	neutral	neutral	neutral	neutral	neutral	neutral	neutral	NA	NA	-0.8243379387833666	1.183206849471956	1.4939803626795047	None	None	NA
PT_FKCPVY7V	7316-8031	Midline	11	BS_4SCDT7M9	BS_9FX3YREK	Yes	No	No	No	No	No	ATRX, H3F3A, TP53	No R132 or R172	None	No V600E	gain	neutral	neutral	neutral	neutral	neutral	neutral	neutral	neutral	NA	NA	-0.8243379387833666	0.8426277238974869	1.0399675951061054	None	None	NA
PT_FKCPVY7V	7316-8031	Midline	11	BS_KHJMCFQR	BS_862NMAR7	Yes	No	No	No	No	No	ATRX, H3F3A, TP53	No R132 or R172	None	No V600E	NA	NA	NA	NA	NA	NA	NA	NA	NA	NA	NA	-0.8243379387833666	1.183206849471956	1.4939803626795047	None	None	NA
PT_FKCPVY7V	7316-8031	Midline	11	BS_KHJMCFQR	BS_9FX3YREK	Yes	No	No	No	No	No	ATRX, H3F3A, TP53	No R132 or R172	None	No V600E	NA	NA	NA	NA	NA	NA	NA	NA	NA	NA	NA	-0.8243379387833666	0.8426277238974869	1.0399675951061054	None	None	NA
PT_FYPWZBH0	7316-1085	Midline	9	BS_ZCY4ECNV	BS_2A5R9MEJ	Yes	No	No	No	No	No	H3F3A, TP53	No R132 or R172	Intron	No V600E	neutral	neutral	loss	neutral	neutral	neutral	neutral	neutral	neutral	NA	NA	-0.8304936735078213	0.947457150423253	-3.8972806632166668	None	None	NA
PT_FZP24XYK	7316-1060	Hemispheric	16	NA	BS_Z8F3GM85	NA	NA	NA	NA	NA	NA	NA	NA	NA	NA	NA	NA	NA	NA	NA	NA	NA	NA	NA	NA	NA	1.2814312545290616	-1.5594854633485251	0.6441248106949693	None	None	NA
PT_G16VK7FR	7316-5814	Midline	5	BS_JDZX545X	NA	No	Yes	No	No	No	No	HIST1H3B, TP53	No R132 or R172	None	No V600E	neutral	neutral	neutral	neutral	neutral	neutral	neutral	neutral	neutral	NA	NA	NA	NA	NA	NA	NA	NA
PT_G16VK7FR	A19649	Midline	5	BS_2HDEZFTW	BS_XGDPK33A	No	Yes	No	No	No	No	HIST1H3B, TP53	No R132 or R172	None	No V600E	neutral	neutral	neutral	gain	neutral	neutral	neutral	neutral	neutral	NA	NA	-0.6261775294731611	0.23234047117508502	0.9596167201107096	None	None	NA
PT_G4N67N0D	7316-1057	Other	11	NA	BS_58YXHGAJ	NA	NA	NA	NA	NA	NA	NA	NA	NA	NA	NA	NA	NA	NA	NA	NA	NA	NA	NA	NA	NA	2.3523050420232128	0.32350723984088914	0.7040307549504086	None	None	NA
PT_G9A050X1	7316-8028	Other	11	BS_18RH1034	BS_F9Y4Z92G	No	No	No	No	No	No	None	No R132 or R172	None	No V600E	NA	NA	NA	NA	NA	NA	NA	NA	NA	NA	NA	1.1223094428157132	0.7247067024803698	-0.050165952708415715	None	None	NA
PT_G9A050X1	7316-8028	Other	11	BS_QF7M4SHH	BS_F9Y4Z92G	No	No	No	No	No	No	None	No R132 or R172	None	No V600E	neutral	loss	neutral	gain	neutral	gain	gain	neutral	neutral	NA	NA	1.1223094428157132	0.7247067024803698	-0.050165952708415715	None	None	NA
PT_H2HT2WQX	7316-619	Hemispheric	3	NA	BS_SNVM7CZT	NA	NA	NA	NA	NA	NA	NA	NA	NA	NA	NA	NA	NA	NA	NA	NA	NA	NA	NA	NA	NA	2.0852821730178244	-1.149979325887124	0.3652041518585948	None	None	NA
PT_HGM20MW7	7316-3221	Midline	9	BS_FK3B5SDH	NA	Yes	No	No	No	No	No	BRAF, H3F3A, TP53	No R132 or R172	None	p.V600E	neutral	neutral	neutral	neutral	neutral	neutral	neutral	neutral	neutral	NA	NA	NA	NA	NA	NA	NA	NA
PT_HGM20MW7	A09446	Midline	9	BS_52ETE050	BS_5VPM0F36	Yes	No	No	No	No	No	BRAF, H3F3A, TP53	No R132 or R172	None	p.V600E	neutral	neutral	neutral	neutral	neutral	neutral	neutral	neutral	neutral	NA	NA	-0.6107386721226759	-0.32619395638856263	0.07785184381104422	None	None	NA
PT_HMF8J4EG	7316-644	Midline	7	BS_GKPVZXYP	BS_51RA1PGE	Yes	No	No	No	No	No	H3F3A, TP53	No R132 or R172	None	No V600E	neutral	neutral	neutral	neutral	neutral	gain	gain	neutral	neutral	NA	NA	-0.8122072317747172	0.12872710090110137	-0.06243106149217058	None	None	NA
PT_HNZNZ635	7316-2151	Midline	5	BS_SKRY0BJ4	BS_49BQS7Z6	No	No	No	No	No	No	None	No R132 or R172	None	No V600E	neutral	neutral	neutral	neutral	neutral	neutral	neutral	neutral	neutral	NA	NA	-0.8182428526777062	-0.05241601120893937	0.025885884868782644	None	None	NA
PT_HNZNZ635	7316-2151	Midline	5	BS_TX8C5VAJ	BS_GXTFW99H	No	No	No	No	No	No	None	No R132 or R172	None	No V600E	neutral	neutral	neutral	neutral	neutral	neutral	neutral	neutral	neutral	A	739823	-0.7944458328492747	-1.7105310896456263	-0.38069383283309	None	None	740006
PT_J5NSRW1Y	7316-3817	Hemispheric	12	BS_F8K4VQMF	BS_GG9W3J9Y	No	No	No	No	No	No	None	No R132 or R172	5'Flank	No V600E	neutral	neutral	neutral	neutral	neutral	gain	gain	neutral	neutral	NA	NA	1.6815907634454736	-1.6299583790640644	0.5938034641532262	NTRK3--NTRK3	None	NA
PT_JC4DHFJR	7316-2536	Other	12	NA	BS_QB84TBA3	NA	NA	NA	NA	NA	NA	NA	NA	NA	NA	NA	NA	NA	NA	NA	NA	NA	NA	NA	NA	NA	-0.8243379387833666	0.4087715135007479	0.07445274615521175	None	None	NA
PT_JJ8QNAM8	7316-714	Hemispheric	11	NA	BS_DFGS950G	NA	NA	NA	NA	NA	NA	NA	NA	NA	NA	NA	NA	NA	NA	NA	NA	NA	NA	NA	NA	NA	0.008288640269337838	1.1456223305537248	0.21373157587412298	None	None	NA
PT_JNEV57VK	7316-2594	Midline	7	BS_85Q5P8GF	BS_VF5XWFXD	Yes	No	No	No	No	No	ATRX, H3F3A	No R132 or R172	Intron	No V600E	neutral	neutral	neutral	neutral	neutral	neutral	neutral	neutral	neutral	NA	NA	-0.8304936735078213	0.8260130903946765	0.4576420919356177	None	None	NA
PT_JNEV57VK	7316-3058	Midline	7	BS_QWM9BPDY	BS_BWBDH9GM	Yes	No	No	No	No	No	ATRX, H3F3A	No R132 or R172	Intron	No V600E	neutral	neutral	neutral	neutral	neutral	neutral	neutral	neutral	neutral	A	739831	-0.8304936735078213	0.7604198220720897	0.6072421076712281	None	None	739934
PT_JNEV57VK	7316-3058	Midline	7	BS_HM5GFJN8	BS_2A162JH9	Yes	No	No	No	No	No	ATRX, H3F3A, SETD2, TP53	No R132 or R172	Intron	No V600E	neutral	neutral	loss	neutral	neutral	neutral	neutral	loss	loss	S	739830	-0.8243379387833666	0.771310618654787	0.7202288752686595	None	None	739933
PT_JNEV57VK	7316-3058	Midline	7	BS_P0QJ1QAH	BS_D29RPBSZ	Yes	No	No	No	No	No	ATRX, H3F3A, TP53	No R132 or R172	Intron	No V600E	neutral	neutral	neutral	neutral	neutral	neutral	neutral	neutral	neutral	NA	NA	-0.8304936735078213	0.39258141029625465	0.5360907149361505	None	None	NA
PT_JSFBMK5V	7316-1769	Other	15	BS_KY1CTGJ3	BS_1A6MQ9ZA	Yes	No	No	No	No	No	H3F3A	No R132 or R172	None	No V600E	neutral	neutral	neutral	neutral	neutral	neutral	neutral	neutral	neutral	NA	NA	-0.7886369053293707	0.39464512109749095	-0.4022898428669445	None	None	NA
PT_JSFBMK5V	7316-1769	Other	15	BS_RXP2ZRQT	BS_40MP5BWR	Yes	No	No	No	No	No	H3F3A	No R132 or R172	None	No V600E	neutral	neutral	neutral	neutral	neutral	gain	gain	neutral	neutral	S	739826	-0.8122072317747172	1.0048390342665952	0.8933548171320593	None	None	740009
PT_JSFBMK5V	7316-392	Midline	15	BS_H0638GZT	BS_T3DGY9J9	Yes	No	No	No	No	No	H3F3A	No R132 or R172	None	No V600E	neutral	neutral	neutral	neutral	neutral	neutral	neutral	neutral	neutral	NA	NA	-0.5378223137735553	0.5140910894891593	0.45988613686093993	None	None	NA
PT_JT9HH7M6	7316-1455	Hemispheric	1	NA	BS_HWGWYCY7	NA	NA	NA	NA	NA	NA	NA	NA	NA	NA	NA	NA	NA	NA	NA	NA	NA	NA	NA	NA	NA	1.7686850914023078	-3.3105449379344094	-0.6713237260684184	None	None	NA
PT_KAQMYFYB	7316-5001	Midline	6	BS_QFH9XM6Q	NA	Yes	No	No	No	No	No	H3F3A, TP53	No R132 or R172	None	No V600E	neutral	neutral	loss	neutral	neutral	neutral	neutral	loss	loss	NA	NA	NA	NA	NA	NA	NA	NA
PT_KAQMYFYB	A16405	Midline	6	BS_5CCAC8TZ	BS_EZ3147MX	Yes	No	No	No	No	No	H3F3A, TP53	No R132 or R172	None	No V600E	neutral	neutral	neutral	neutral	neutral	neutral	neutral	neutral	neutral	NA	NA	-0.6031323989239209	1.0932951748971154	1.0822725692182573	None	None	NA
PT_KBDP8ZCR	7316-1889	Other	16	NA	BS_M1PVEHCM	NA	NA	NA	NA	NA	NA	NA	NA	NA	NA	NA	NA	NA	NA	NA	NA	NA	NA	NA	NA	NA	1.1478481857354181	-0.2322274625553231	-1.0502265826542871	None	None	NA
PT_KBFM551M	7316-3214	Midline	9	BS_M5FM63EB	BS_F0JB4EAK	No	No	No	No	No	No	TP53	No R132 or R172	None	No V600E	neutral	neutral	neutral	neutral	neutral	neutral	neutral	neutral	neutral	NA	NA	-0.6261775294731611	0.07406672897116544	-0.1692462348809733	None	None	NA
PT_KBFM551M	7316-3214	Midline	9	BS_M0B42FPR	BS_F0JB4EAK	No	No	No	No	No	No	TP53	No R132 or R172	None	No V600E	neutral	neutral	neutral	neutral	neutral	neutral	neutral	neutral	neutral	NA	NA	-0.6261775294731611	0.07406672897116544	-0.1692462348809733	None	None	NA
PT_KBFM551M	7316-3232	Midline	9	BS_9P4NDTKJ	NA	No	No	No	No	No	No	TP53	No R132 or R172	None	No V600E	NA	NA	NA	NA	NA	NA	NA	NA	NA	NA	NA	NA	NA	NA	NA	NA	NA
PT_KBFM551M	7316-3237	Midline	9	BS_J8EK6RNF	NA	No	No	No	No	No	No	TP53	No R132 or R172	None	No V600E	neutral	neutral	neutral	neutral	neutral	neutral	neutral	neutral	neutral	NA	NA	NA	NA	NA	NA	NA	NA
PT_KBFM551M	7316-4447	Midline	9	BS_QZRP3NSG	NA	No	No	No	No	No	No	TP53	No R132 or R172	None	No V600E	neutral	neutral	neutral	neutral	neutral	neutral	neutral	neutral	neutral	NA	NA	NA	NA	NA	NA	NA	NA
PT_KBFM551M	A07082	Midline	9	BS_WYTDVC0Y	NA	No	No	No	No	No	No	TP53	No R132 or R172	None	No V600E	neutral	neutral	neutral	neutral	neutral	neutral	neutral	neutral	neutral	NA	NA	NA	NA	NA	NA	NA	NA
PT_KEQ53KRH	7316-440	Midline	9	BS_R1G6SG0K	BS_K17VQECG	No	No	No	No	No	No	TP53	No R132 or R172	None	No V600E	neutral	neutral	neutral	neutral	neutral	gain	gain	neutral	neutral	NA	NA	-0.7494335322238488	-0.02427007044632467	0.15358848792342583	None	None	NA
PT_KFYJBQB8	7316-3075	Hemispheric	0	BS_NJFK43N3	BS_52C576HH	No	No	No	No	No	No	None	No R132 or R172	None	No V600E	neutral	neutral	neutral	neutral	neutral	neutral	neutral	neutral	neutral	NA	NA	1.837361652965849	-0.4968622853002585	0.7272675727685567	None	None	NA
PT_KTRJ8TFY	7316-3223	Midline	5	BS_3VKW5988	NA	Yes	No	No	No	No	No	H3F3A, TP53	No R132 or R172	None	No V600E	neutral	gain	neutral	neutral	neutral	neutral	neutral	neutral	neutral	NA	NA	NA	NA	NA	NA	NA	NA
PT_KTRJ8TFY	7316-3223	Midline	5	BS_BQ81D2BP	NA	Yes	No	No	No	No	No	H3F3A, TP53	No R132 or R172	None	No V600E	neutral	gain	neutral	neutral	neutral	neutral	neutral	neutral	neutral	NA	NA	NA	NA	NA	NA	NA	NA
PT_KTRJ8TFY	7316-3230	Midline	5	BS_AF5D41PD	NA	Yes	No	No	No	No	No	H3F3A, TP53	No R132 or R172	5'Flank	No V600E	neutral	neutral	neutral	neutral	neutral	neutral	neutral	neutral	neutral	NA	NA	NA	NA	NA	NA	NA	NA
PT_KTRJ8TFY	7316-3230	Midline	5	BS_5968GBGT	NA	Yes	No	No	No	No	No	H3F3A, TP53	No R132 or R172	None	No V600E	NA	NA	NA	NA	NA	NA	NA	NA	NA	NA	NA	NA	NA	NA	NA	NA	NA
PT_KTRJ8TFY	7316-3230	Midline	5	BS_EE73VE7V	NA	No	No	No	No	No	No	TP53	No R132 or R172	None	No V600E	neutral	neutral	neutral	neutral	neutral	neutral	neutral	neutral	neutral	NA	NA	NA	NA	NA	NA	NA	NA
PT_KTRJ8TFY	7316-3230	Midline	5	BS_HYKV2TH9	NA	Yes	No	No	No	No	No	H3F3A, TP53	No R132 or R172	None	No V600E	neutral	neutral	neutral	neutral	neutral	neutral	neutral	neutral	neutral	NA	NA	NA	NA	NA	NA	NA	NA
PT_KTRJ8TFY	A09689	Midline	5	BS_402W79TS	BS_NGSG2KB6	Yes	No	No	No	No	No	H3F3A, TP53	No R132 or R172	None	No V600E	neutral	gain	neutral	neutral	neutral	neutral	neutral	neutral	neutral	NA	NA	-0.29462314507396464	0.1717871160368948	-0.031150320124185577	None	None	NA
PT_KVMF5TFW	7316-3030	Midline	7	BS_8FSJDG2T	BS_399RPKC9	No	No	No	No	No	No	TP53	No R132 or R172	Missense_Mutation	No V600E	gain	neutral	neutral	neutral	neutral	neutral	neutral	neutral	neutral	NA	NA	-0.8122072317747172	0.47393463422759824	0.18114086347061084	None	None	NA
PT_KX84KH6K	7316-2703	Midline	13	NA	BS_52MPKTJH	NA	NA	NA	NA	NA	NA	NA	NA	NA	NA	NA	NA	NA	NA	NA	NA	NA	NA	NA	NA	NA	-0.1979582560844253	0.015025620383375977	0.3493678132479516	None	None	NA
PT_KZ04SDDS	7316-1774	Hemispheric	6	BS_79NQJZ09	BS_JS95PE0J	No	No	No	No	No	No	SETD2, TP53	No R132 or R172	None	No V600E	neutral	neutral	neutral	neutral	neutral	neutral	neutral	neutral	neutral	NA	NA	1.1556331609240762	-0.34870982577182286	0.2913227547449292	None	None	NA
PT_KZ56XHJT	7316-3217	Midline	7	BS_0ATJ22QA	NA	Yes	No	No	No	No	No	H3F3A	No R132 or R172	None	No V600E	neutral	neutral	neutral	neutral	neutral	neutral	neutral	neutral	neutral	NA	NA	NA	NA	NA	NA	NA	NA
PT_KZ56XHJT	7316-3217	Midline	7	BS_H8NWA41N	NA	Yes	No	No	No	No	No	ATRX, H3F3A	No R132 or R172	None	No V600E	neutral	neutral	neutral	neutral	neutral	neutral	neutral	neutral	neutral	NA	NA	NA	NA	NA	NA	NA	NA
PT_KZ56XHJT	7316-3231	Midline	7	BS_1Q524P3B	NA	Yes	No	No	No	No	No	H3F3A	No R132 or R172	None	No V600E	neutral	neutral	neutral	neutral	neutral	neutral	neutral	neutral	neutral	NA	NA	NA	NA	NA	NA	NA	NA
PT_KZ56XHJT	7316-3231	Midline	7	BS_22VCR7DF	NA	Yes	No	No	No	No	No	H3F3A	No R132 or R172	None	No V600E	neutral	neutral	neutral	neutral	neutral	neutral	neutral	neutral	neutral	NA	NA	NA	NA	NA	NA	NA	NA
PT_KZ56XHJT	7316-3231	Midline	7	BS_X5VN0FW0	NA	Yes	No	No	No	No	No	H3F3A	No R132 or R172	None	No V600E	neutral	neutral	neutral	neutral	neutral	neutral	neutral	neutral	neutral	NA	NA	NA	NA	NA	NA	NA	NA
PT_KZ56XHJT	7316-3231	Midline	7	BS_AK9BV52G	NA	Yes	No	No	No	No	No	H3F3A	No R132 or R172	None	No V600E	neutral	neutral	neutral	neutral	neutral	neutral	neutral	neutral	neutral	NA	NA	NA	NA	NA	NA	NA	NA
PT_KZ56XHJT	7316-3231	Midline	7	BS_D6STCMQS	NA	Yes	No	No	No	No	No	H3F3A	No R132 or R172	None	No V600E	neutral	neutral	neutral	neutral	neutral	neutral	neutral	neutral	neutral	NA	NA	NA	NA	NA	NA	NA	NA
PT_KZ56XHJT	7316-3231	Midline	7	BS_YHXMYDBN	NA	Yes	No	No	No	No	No	H3F3A	No R132 or R172	None	No V600E	neutral	neutral	loss	neutral	neutral	neutral	neutral	neutral	neutral	NA	NA	NA	NA	NA	NA	NA	NA
PT_KZ56XHJT	7316-3234	Midline	7	BS_DVDT4VXQ	NA	Yes	No	No	No	No	No	H3F3A	No R132 or R172	None	No V600E	neutral	neutral	neutral	neutral	neutral	neutral	neutral	neutral	neutral	NA	NA	NA	NA	NA	NA	NA	NA
PT_KZ56XHJT	A08732	Midline	7	BS_FWP8ZA4K	BS_FCDAH728	Yes	No	No	No	No	No	H3F3A, TP53	No R132 or R172	None	No V600E	neutral	neutral	neutral	neutral	neutral	neutral	neutral	neutral	neutral	NA	NA	-0.6184198851800813	0.5892001975268069	1.0938331016376839	None	None	NA
PT_KZ56XHJT	A12398	Midline	7	BS_9DN4QR6E	BS_21ET39G7	Yes	No	No	No	No	No	H3F3A, TP53	No R132 or R172	None	No V600E	neutral	neutral	neutral	neutral	neutral	neutral	neutral	neutral	neutral	NA	NA	-0.6261775294731611	-0.02504953195300793	0.1666841497152585	None	None	NA
PT_M23Q0DC3	7316-3212	Midline	4	BS_CGXTFM67	NA	Yes	No	No	No	No	No	H3F3A	No R132 or R172	None	No V600E	neutral	neutral	neutral	neutral	neutral	neutral	neutral	neutral	neutral	NA	NA	NA	NA	NA	NA	NA	NA
PT_M23Q0DC3	A03942	Midline	4	BS_GBT44HST	BS_JQVAWTTM	Yes	No	No	No	No	No	H3F3A	No R132 or R172	Intron	No V600E	neutral	neutral	neutral	neutral	neutral	neutral	neutral	neutral	neutral	NA	NA	-0.6261775294731611	-0.15983220507617119	-0.6615073164717488	None	None	NA
PT_M9XXJ4GR	7316-3222	Midline	10	BS_682Z7WH6	NA	Yes	No	No	No	No	No	ATRX, H3F3A, TP53	No R132 or R172	None	No V600E	neutral	amplification	loss	neutral	neutral	neutral	neutral	neutral	neutral	NA	NA	NA	NA	NA	NA	NA	NA
PT_M9XXJ4GR	7316-3222	Midline	10	BS_R6CKWZW6	NA	Yes	No	No	No	No	No	ATRX, H3F3A, TP53	No R132 or R172	None	No V600E	neutral	gain	loss	neutral	neutral	neutral	neutral	neutral	neutral	NA	NA	NA	NA	NA	NA	NA	NA
PT_M9XXJ4GR	A09576	Midline	10	BS_5FBN4PPQ	BS_49CJNZ06	Yes	No	No	No	No	No	ATRX, H3F3A, TP53	No R132 or R172	None	No V600E	neutral	amplification	loss	neutral	neutral	neutral	neutral	neutral	neutral	NA	NA	-0.6184198851800813	-1.0131804775137963	-0.620299538741436	None	None	NA
PT_MDWPRDBT	7316-2146	Other	2	BS_D368BNRD	BS_H0QWRJE2	No	No	No	No	No	No	None	No R132 or R172	None	No V600E	neutral	neutral	neutral	neutral	neutral	neutral	neutral	neutral	neutral	NA	NA	-0.8243379387833666	-1.6962759366823077	-1.1238442504153343	None	None	NA
PT_MDWPRDBT	7316-2660	Other	2	BS_00TRPEQX	BS_91VYM11A	No	No	No	No	No	No	SETD2	No R132 or R172	None	No V600E	neutral	neutral	neutral	neutral	neutral	neutral	neutral	neutral	neutral	NA	NA	-0.7944458328492747	-1.1879176561526807	-0.4985388149674314	None	None	NA
PT_MDWPRDBT	7316-2751	Other	2	BS_1M63B97V	BS_TK84K675	No	No	No	No	No	No	None	No R132 or R172	None	No V600E	neutral	neutral	neutral	neutral	neutral	neutral	neutral	neutral	neutral	NA	NA	-0.8243379387833666	-0.7229333017741597	-0.7420067473087333	None	None	NA
PT_MDWPRDBT	7316-895	Other	2	BS_BQWMQM2Y	BS_TJTEF70D	No	No	No	No	No	No	None	No R132 or R172	None	No V600E	neutral	neutral	neutral	neutral	neutral	neutral	neutral	neutral	neutral	NA	NA	-0.4600257264195024	-1.4434952037029898	-0.9103376897075536	None	None	NA
PT_MNSEJCDM	7316-3227	Midline	6	BS_ZSH09N84	NA	No	No	Yes	No	No	No	HIST1H3C, TP53	No R132 or R172	None	No V600E	neutral	neutral	neutral	neutral	neutral	gain	gain	neutral	neutral	NA	NA	NA	NA	NA	NA	NA	NA
PT_MNSEJCDM	7316-3227	Midline	6	BS_CBMAWSAR	NA	No	No	Yes	No	No	No	HIST1H3C, TP53	No R132 or R172	3'Flank	No V600E	neutral	neutral	neutral	gain	neutral	gain	gain	neutral	neutral	NA	NA	NA	NA	NA	NA	NA	NA
PT_MNSEJCDM	7316-3229	Midline	6	BS_J8EH1N7V	NA	No	No	Yes	No	No	No	HIST1H3C, TP53	No R132 or R172	Intron	No V600E	NA	NA	NA	NA	NA	NA	NA	NA	NA	NA	NA	NA	NA	NA	NA	NA	NA
PT_MNSEJCDM	7316-3229	Midline	6	BS_Y74XAFJX	NA	No	No	Yes	No	No	No	HIST1H3C, TP53	No R132 or R172	None	No V600E	neutral	neutral	neutral	neutral	neutral	neutral	neutral	neutral	neutral	NA	NA	NA	NA	NA	NA	NA	NA
PT_MSQ6GSVP	7316-2274	Hemispheric	0	BS_HJ95JNFN	BS_KP735TJ6	No	No	No	No	No	No	None	No R132 or R172	None	No V600E	neutral	neutral	neutral	neutral	neutral	neutral	neutral	neutral	neutral	NA	NA	1.42037352280611	-1.0297559987505314	0.34262201690496114	TPM3--NTRK1	None	NA
PT_MV5WXTQV	7316-8036	Hemispheric	6	BS_DD2N8CEX	BS_YA0KMBRT	No	No	No	No	No	No	None	No R132 or R172	None	No V600E	neutral	neutral	loss	neutral	gain	neutral	neutral	loss	loss	NA	NA	0.9298583807040821	0.3564115324895868	0.34431050714844214	None	None	NA
PT_MXK5R7RJ	7316-1055	Hemispheric	9	NA	BS_H1ZS5FMZ	NA	NA	NA	NA	NA	NA	NA	NA	NA	NA	NA	NA	NA	NA	NA	NA	NA	NA	NA	NA	NA	1.1776949920455335	0.7632218055062673	0.19387545295071218	None	None	NA
PT_N3205P0D	7316-1099	Hemispheric	18	BS_EPM623G4	BS_052PZFMK	No	No	No	No	Yes	No	H3F3A, TP53	No R132 or R172	None	No V600E	neutral	neutral	loss	neutral	neutral	gain	gain	neutral	neutral	NA	NA	1.3329823903889382	-1.7351222671796145	0.4058451392330266	None	None	NA
PT_N32BYY8A	7316-89	Hemispheric	4	BS_D6XHKZDZ	BS_XQ5SFW35	No	No	No	No	No	No	None	No R132 or R172	None	No V600E	neutral	neutral	neutral	neutral	neutral	neutral	neutral	neutral	neutral	NA	NA	0.7860330553881355	1.1092538613027234	0.6861093683758832	None	None	NA
PT_NK8A49X5	7316-3216	Midline	13	BS_1MME7FBS	NA	Yes	No	No	No	No	No	ATRX, H3F3A	No R132 or R172	None	No V600E	neutral	neutral	neutral	neutral	neutral	neutral	neutral	neutral	neutral	NA	NA	NA	NA	NA	NA	NA	NA
PT_NK8A49X5	7316-3228	Midline	13	BS_HEJ72V3F	NA	Yes	No	No	No	No	No	ATRX, H3F3A	No R132 or R172	None	No V600E	neutral	neutral	neutral	neutral	neutral	neutral	neutral	neutral	neutral	NA	NA	NA	NA	NA	NA	NA	NA
PT_NK8A49X5	7316-3228	Midline	13	BS_AHAXPFG3	NA	Yes	No	No	No	No	No	ATRX, H3F3A	No R132 or R172	None	No V600E	neutral	neutral	neutral	neutral	neutral	neutral	neutral	neutral	neutral	NA	NA	NA	NA	NA	NA	NA	NA
PT_NK8A49X5	7316-4448	Midline	13	BS_6JBE0947	NA	Yes	No	No	No	No	No	ATRX, H3F3A	No R132 or R172	None	No V600E	neutral	neutral	neutral	neutral	neutral	neutral	neutral	neutral	neutral	NA	NA	NA	NA	NA	NA	NA	NA
PT_NK8A49X5	A08692	Midline	13	BS_6DT506HY	BS_YDEVMD24	Yes	No	No	No	No	No	ATRX, H3F3A	No R132 or R172	None	No V600E	neutral	neutral	neutral	neutral	neutral	neutral	neutral	neutral	neutral	NA	NA	-0.5807489433042871	0.6858411765747469	0.15681701920947205	None	None	NA
PT_NK8A49X5	A14449	Midline	13	BS_GKXD33YH	BS_1N7MQZGR	Yes	No	No	No	No	No	ATRX, H3F3A	No R132 or R172	None	No V600E	neutral	neutral	neutral	neutral	neutral	gain	neutral	neutral	neutral	NA	NA	0.6378994777907261	0.5599285328080641	0.29547960085643304	None	None	NA
PT_NWYSD53S	7316-4997	Midline	4	BS_4PM2QG9C	NA	Yes	No	No	No	No	No	H3F3A	No R132 or R172	None	No V600E	neutral	neutral	neutral	neutral	neutral	neutral	neutral	neutral	neutral	NA	NA	NA	NA	NA	NA	NA	NA
PT_NWYSD53S	A15170	Midline	4	BS_2KMB51YF	BS_ZF6BSFNF	Yes	No	No	No	No	No	H3F3A	No R132 or R172	None	No V600E	neutral	neutral	neutral	neutral	neutral	neutral	neutral	neutral	neutral	NA	NA	-0.6261775294731611	0.7390970499583903	0.18465256022299262	None	None	NA
PT_P2NGYMG5	7316-1956	Posterior fossa	12	BS_230S192D	BS_GW0GKWMS	Yes	No	No	No	No	No	ATRX, H3F3A	No R132 or R172	None	No V600E	neutral	neutral	loss	neutral	neutral	neutral	neutral	neutral	neutral	NA	NA	-0.8304936735078213	0.7155909085370792	0.18478723763413604	None	None	NA
PT_P5HHJJPH	7316-870	Hemispheric	9	BS_KXGJ1HMG	BS_4PPHAQXF	No	No	No	No	No	No	BRAF	No R132 or R172	None	p.V600E	neutral	neutral	loss	neutral	neutral	neutral	neutral	loss	loss	NA	NA	2.0150560966475384	-0.1259969683499866	0.7883316340721321	None	None	NA
PT_PF9EC93Q	7316-3765	Hemispheric	6	BS_80078QDG	BS_V3Z3DB4N	No	No	No	No	No	No	None	No R132 or R172	None	No V600E	gain	neutral	neutral	gain	neutral	gain	gain	gain	gain	NA	NA	1.2828550669769128	0.6280302511315725	0.3102789171640504	None	None	NA
PT_PR4YBBH3	7316-116	Midline	10	BS_PPY0EWPG	BS_RXN5T5YT	Yes	No	No	No	No	No	H3F3A, TP53	No R132 or R172	None	No V600E	neutral	gain	loss	neutral	neutral	neutral	neutral	neutral	neutral	NA	NA	-0.8243379387833666	0.3883154344752083	0.2634397409524871	None	None	NA
PT_PR4YBBH3	7316-126	Midline	10	BS_C2NH5FDT	BS_A7Q8G0Y1	Yes	No	No	No	No	No	H3F3A, TP53	No R132 or R172	None	No V600E	neutral	gain	loss	neutral	neutral	neutral	neutral	neutral	neutral	NA	NA	-0.8062299269612766	0.6439821218332421	1.0568418830581585	None	None	NA
PT_PSX2CSYX	7316-46	Other	5	BS_AFAHY6HP	NA	No	Yes	No	No	No	No	HIST1H3B, TP53	No R132 or R172	None	No V600E	NA	NA	NA	NA	NA	NA	NA	NA	NA	NA	NA	NA	NA	NA	NA	NA	NA
PT_QA9WJ679	7316-3218	Midline	14	BS_7PF3C1P7	NA	Yes	No	No	No	No	No	H3F3A, TP53	No R132 or R172	None	No V600E	neutral	neutral	neutral	neutral	neutral	neutral	neutral	neutral	neutral	NA	NA	NA	NA	NA	NA	NA	NA
PT_QA9WJ679	A08768	Midline	14	BS_AEEKJ1QK	BS_G3NN392N	Yes	No	No	No	No	No	H3F3A, TP53	No R132 or R172	None	No V600E	neutral	neutral	neutral	neutral	loss	neutral	neutral	neutral	neutral	NA	NA	-0.6261775294731611	-1.2415649359080732	-3.6634865421812064	None	None	NA
PT_QDGVJKE0	7316-2140	Hemispheric	19	BS_EP25TTAG	BS_A0DYVX9J	No	No	No	No	No	No	ATRX, IDH1, TP53	p.R132L	None	No V600E	neutral	neutral	neutral	neutral	neutral	neutral	neutral	neutral	neutral	NA	NA	0.7067844709931099	0.7279449941015868	-4.52037242016743	None	None	NA
PT_QQZXYR4M	7316-1946	Hemispheric	26	BS_58X7SKJS	BS_8PNA0V6R	No	No	No	No	No	No	ATRX, IDH1, TP53	p.R132H	None	No V600E	neutral	neutral	neutral	neutral	neutral	neutral	neutral	neutral	neutral	NA	NA	0.5099675657980425	0.5478005774050162	-2.9128083362792334	None	None	NA
PT_QTDY0Y9A	7316-3771	Other	11	BS_1S5V7WWC	BS_MDBT7S5Z	Yes	No	No	No	No	No	H3F3A	No R132 or R172	None	No V600E	neutral	neutral	neutral	neutral	neutral	neutral	neutral	neutral	neutral	NA	NA	-0.8182428526777062	0.8831243166982841	-0.20890640099533506	None	None	NA
PT_R4T1V1K4	7316-3206	Midline	9	BS_23ZE42Q3	BS_WH8G4VFB	Yes	No	No	No	No	No	H3F3A, TP53	No R132 or R172	None	No V600E	neutral	neutral	neutral	neutral	neutral	neutral	neutral	neutral	neutral	NA	NA	-0.8243379387833666	-0.09146129556812056	-0.6531245222901649	None	None	NA
PT_R5T773FS	7316-8029	Posterior fossa	7	BS_JC7E55BV	BS_2HNXVFAS	Yes	No	No	No	No	No	H3F3A, TP53	No R132 or R172	None	No V600E	neutral	neutral	neutral	neutral	neutral	gain	gain	gain	gain	NA	NA	-0.7886369053293707	0.8021077803244216	1.4337055082298968	None	None	NA
PT_R5T773FS	7316-8029	Posterior fossa	7	BS_TN8CGS84	BS_2HNXVFAS	Yes	No	No	No	No	No	H3F3A, TP53	No R132 or R172	Intron	No V600E	NA	NA	NA	NA	NA	NA	NA	NA	NA	NA	NA	-0.7886369053293707	0.8021077803244216	1.4337055082298968	None	None	NA
PT_RA6AGBA7	7316-461	Midline	8	BS_P4K6WK9Y	BS_TRKH2SPE	Yes	No	No	No	No	No	H3F3A, TP53	No R132 or R172	Intron	No V600E	neutral	gain	neutral	neutral	neutral	neutral	neutral	neutral	neutral	NA	NA	-0.8122072317747172	0.7898768723587615	0.07253157463475163	NTRK3--NTRK3	None	NA
PT_RDJ40M73	7316-2561	Hemispheric	15	BS_928HWFFM	BS_1EN5V3XW	No	No	No	No	Yes	No	ATRX, FGFR1, H3F3A	No R132 or R172	None	No V600E	neutral	neutral	neutral	neutral	neutral	neutral	neutral	neutral	neutral	NA	NA	1.862861379962134	-1.7351222671796145	0.8031688292437684	None	None	NA
PT_RE6AXQM1	7316-5813	Midline	4	BS_2NDRETB2	NA	Yes	No	No	No	No	No	H3F3A, TP53	No R132 or R172	None	No V600E	neutral	gain	neutral	neutral	neutral	neutral	neutral	neutral	neutral	NA	NA	NA	NA	NA	NA	NA	NA
PT_RE6AXQM1	A19015	Midline	4	BS_6687ZNGS	BS_6M2053M0	Yes	No	No	No	No	No	H3F3A, TP53	No R132 or R172	None	No V600E	neutral	gain	neutral	neutral	neutral	neutral	neutral	neutral	neutral	NA	NA	-0.6184198851800813	0.6506607460793485	0.22172601211312729	None	None	NA
PT_RPC00TAJ	7316-231	Midline	18	NA	BS_RCCN63K6	NA	NA	NA	NA	NA	NA	NA	NA	NA	NA	NA	NA	NA	NA	NA	NA	NA	NA	NA	NA	NA	-0.8304936735078213	1.3612641603113593	-0.3102765719856253	None	None	NA
PT_RPC00TAJ	7316-2970	Midline	18	NA	BS_MN5XVP5A	NA	NA	NA	NA	NA	NA	NA	NA	NA	NA	NA	NA	NA	NA	NA	NA	NA	NA	NA	NA	NA	-0.8062299269612766	1.51499538709625	-0.27593762219995077	None	None	NA
PT_RSDTCFDA	7316-204	Hemispheric	13	BS_SK4H5MJQ	BS_NPA6CZQF	No	No	No	No	No	No	None	No R132 or R172	5'Flank	No V600E	neutral	neutral	neutral	neutral	neutral	neutral	neutral	neutral	neutral	NA	NA	1.9279220574512037	-0.7875395441997478	0.8529122765892693	None	None	NA
PT_RYMG3M91	7316-5812	Midline	10	BS_RWJ0571Q	NA	Yes	No	No	No	No	No	FUBP1, H3F3A, TP53	No R132 or R172	Intron	No V600E	neutral	neutral	neutral	neutral	neutral	neutral	neutral	neutral	neutral	NA	NA	NA	NA	NA	NA	NA	NA
PT_RYMG3M91	A18777	Midline	10	BS_QZPGVNBB	BS_68KX6A42	Yes	No	No	No	No	No	H3F3A, TP53	No R132 or R172	None	No V600E	gain	neutral	neutral	gain	neutral	gain	gain	neutral	neutral	NA	NA	-0.6261775294731611	0.2364904920750874	0.747849733731432	None	None	NA
PT_S0Q27J13	7316-2307	Hemispheric	17	BS_P3PF53V8	BS_Z8YZ6QGS	No	No	No	No	No	No	ATRX, SETD2, TP53	No R132 or R172	Intron, Missense_Mutation	No V600E	neutral	neutral	loss	neutral	neutral	neutral	neutral	neutral	neutral	NA	NA	0.7782742034090204	1.1344459562840423	0.18114086347061084	None	None	NA
PT_S2BEPYQ0	7316-3000	Other	6	BS_ABZ3BK38	BS_JRYJGYC4	No	No	No	No	No	No	None	No R132 or R172	3'Flank	No V600E	neutral	neutral	neutral	neutral	neutral	neutral	neutral	neutral	neutral	NA	NA	0.7185296553132492	-0.6309277422168125	0.01800943467989905	None	None	NA
PT_SDPA6AAP	7316-624	Hemispheric	10	NA	BS_3AC3SRWH	NA	NA	NA	NA	NA	NA	NA	NA	NA	NA	NA	NA	NA	NA	NA	NA	NA	NA	NA	NA	NA	-0.0665231966822974	-1.6606772727880112	-2.245233005783647	None	None	NA
PT_SW4Q1HZP	7316-8716		8	BS_K24D4BGK	BS_00FD2KMP	No	No	No	No	No	No	TP53	No R132 or R172	None	No V600E	neutral	neutral	neutral	gain	neutral	neutral	neutral	neutral	neutral	NA	NA	1.1738299502788598	-0.9228074864258579	-0.8289110133460497	None	None	NA
PT_SYHB12RN	7316-194	Midline	6	BS_9DM8H1RX	NA	No	No	No	No	No	No	FGFR1	No R132 or R172	None	No V600E	NA	NA	NA	NA	NA	NA	NA	NA	NA	NA	NA	NA	NA	NA	NA	NA	NA
PT_T8V9ES93	7316-1106	Hemispheric	16	BS_J4E9SW51	BS_H1XPVS9A	No	No	No	No	No	No	BRAF	No R132 or R172	None	p.V600E	neutral	neutral	neutral	neutral	neutral	neutral	neutral	neutral	neutral	NA	NA	1.4505341347325929	0.6597803996262757	0.6220733404263551	None	None	NA
PT_TPDB1WC8	7316-2777	Hemispheric	4	NA	BS_SD8YBRBR	NA	NA	NA	NA	NA	NA	NA	NA	NA	NA	NA	NA	NA	NA	NA	NA	NA	NA	NA	NA	NA	2.1061767823105764	-1.3275208748075682	2.3042126843964317	None	None	NA
PT_TVJ5EGMR	7316-8033	Hemispheric	10	BS_7PAAZQE6	BS_G5NHSFD4	No	No	No	No	No	No	None	No R132 or R172	None	No V600E	neutral	neutral	neutral	neutral	neutral	neutral	neutral	neutral	neutral	NA	NA	1.6946753605581308	-1.4345813214886494	1.2073525094168889	None	None	NA
PT_V1HNAC2Q	7316-3215	Midline	7	BS_NNFDFAFM	NA	Yes	No	No	No	No	No	H3F3A, TP53	No R132 or R172	None	No V600E	neutral	amplification	neutral	neutral	neutral	neutral	neutral	gain	gain	NA	NA	NA	NA	NA	NA	NA	NA
PT_V1HNAC2Q	7316-3240	Midline	7	BS_YZD4SSMA	NA	Yes	No	No	No	No	No	H3F3A, TP53	No R132 or R172	Missense_Mutation, Splice_Site	No V600E	neutral	neutral	neutral	neutral	neutral	neutral	neutral	gain	gain	NA	NA	NA	NA	NA	NA	NA	NA
PT_V1HNAC2Q	A07150	Midline	7	BS_7KR13R3P	BS_8ZY4GST0	Yes	No	No	No	No	No	H3F3A, TP53	No R132 or R172	None	No V600E	neutral	neutral	neutral	neutral	neutral	neutral	neutral	neutral	neutral	NA	NA	-0.6184198851800813	1.1250696713301196	-1.9331046617132837	None	None	NA
PT_V482NWB8	7316-8037	Midline	11	BS_91HP99HY	BS_VKYEM67A	Yes	No	No	No	No	No	H3F3A, TP53	No R132 or R172	None	No V600E	neutral	neutral	neutral	neutral	neutral	neutral	neutral	neutral	neutral	NA	NA	0.07474377269685067	-0.270800100162615	0.05709833076380084	None	None	NA
PT_VAJN5QP8	7316-2176	Other	16	BS_KSHETTQC	BS_0C7VZC0A	No	No	No	No	No	No	None	No R132 or R172	None	No V600E	neutral	neutral	neutral	neutral	neutral	neutral	neutral	neutral	neutral	NA	NA	1.1936225952402866	0.8578117444895664	0.49723424487743395	None	None	NA
PT_VAJN5QP8	7316-2176	Other	16	BS_M659G06J	BS_5GNQC2FF	No	No	No	No	No	No	None	No R132 or R172	None	No V600E	neutral	neutral	neutral	neutral	neutral	neutral	neutral	neutral	neutral	A	739833	-0.8304936735078213	-1.7401720630608815	-0.16108072906225163	None	None	739936
PT_VCD0W8HG	7316-2756	Other	11	BS_TRGECFNP	BS_MWWZBQ60	Yes	No	No	No	No	No	ATRX, H3F3A	No R132 or R172	None	No V600E	neutral	neutral	loss	neutral	neutral	neutral	neutral	neutral	neutral	NA	NA	-0.8122072317747172	0.8681724473914888	0.13688111500941053	None	None	NA
PT_VPEMAQBN	7316-3225	Midline	4	BS_Q6GVRAWK	NA	No	Yes	No	No	No	No	HIST1H3B, TP53	No R132 or R172	Intron	No V600E	neutral	neutral	neutral	gain	neutral	neutral	neutral	neutral	neutral	NA	NA	NA	NA	NA	NA	NA	NA
PT_VPEMAQBN	7316-3235	Midline	4	BS_VXDGXQKZ	NA	No	Yes	No	No	No	No	HIST1H3B, TP53	No R132 or R172	Intron	No V600E	neutral	neutral	neutral	neutral	neutral	neutral	neutral	neutral	neutral	NA	NA	NA	NA	NA	NA	NA	NA
PT_VPEMAQBN	A12748	Midline	4	BS_6VTQ3W4M	BS_0ZA67BBC	No	Yes	No	No	No	No	HIST1H3B, TP53	No R132 or R172	None	No V600E	neutral	neutral	neutral	neutral	neutral	neutral	neutral	neutral	neutral	NA	NA	-0.6184198851800813	0.29636559347368946	0.5476963399219655	None	None	NA
PT_VTM2STE3	7316-2189	Hemispheric	9	BS_ERFMPQN3	BS_PGK832G2	No	No	No	No	No	No	SETD2, TP53	No R132 or R172	None	No V600E	neutral	neutral	neutral	neutral	neutral	neutral	neutral	neutral	neutral	A	739825	-0.8182428526777062	-1.6688047095613714	-0.7734538820601718	None	None	740008
PT_VTM2STE3	7316-2189	Hemispheric	9	BS_02YBZSBY	BS_HJRTC9JQ	No	No	No	No	No	No	ATRX, BRAF, CIC, DAXX, FGFR1, FUBP1, SETD2, TP53	No R132 or R172	3'Flank, 5'Flank, Intron	No V600E	neutral	neutral	neutral	neutral	neutral	neutral	neutral	neutral	neutral	NA	NA	0.4956298154793039	0.6433938512125581	-0.16969534496438649	None	None	NA
PT_VVCN8DXT	7316-71	Hemispheric	7	BS_MSB1RDAJ	BS_X4X1SFSE	No	No	No	No	No	No	None	No R132 or R172	5'Flank	No V600E	neutral	neutral	neutral	neutral	neutral	neutral	neutral	neutral	neutral	NA	NA	0.7154871267110051	-0.9029674567835576	-0.3311539006566479	None	None	NA
PT_VWZZTK38	7316-1844	Other	11	NA	BS_TXZ7KHTQ	NA	NA	NA	NA	NA	NA	NA	NA	NA	NA	NA	NA	NA	NA	NA	NA	NA	NA	NA	NA	NA	-0.8304936735078213	0.6158012167827855	0.5802779010288802	None	None	NA
PT_W4XVT4AJ	7316-548	Midline	4	NA	BS_MKM0EEN1	NA	NA	NA	NA	NA	NA	NA	NA	NA	NA	NA	NA	NA	NA	NA	NA	NA	NA	NA	NA	NA	-0.8304936735078213	0.17334309455246888	-1.0240863041207875	None	None	NA
PT_W5GP3F6B	7316-5003	Midline	6	BS_38CD519Z	NA	Yes	No	No	No	No	No	H3F3A, TP53	No R132 or R172	None	No V600E	neutral	neutral	loss	neutral	neutral	neutral	neutral	neutral	neutral	NA	NA	NA	NA	NA	NA	NA	NA
PT_W5GP3F6B	A16915	Midline	6	BS_P7VR731D	BS_7WM3MNZ0	Yes	No	No	No	No	No	H3F3A, TP53	No R132 or R172	None	No V600E	neutral	neutral	loss	neutral	neutral	neutral	neutral	neutral	neutral	NA	NA	-0.6261775294731611	0.47813406190823443	0.9729926574889673	None	None	NA
PT_WGVEF96B	7316-3219	Midline	7	BS_TQ0J7WJQ	NA	Yes	No	No	No	No	No	ATRX, H3F3A, TP53	No R132 or R172	Intron	No V600E	neutral	neutral	neutral	neutral	neutral	neutral	neutral	neutral	neutral	NA	NA	NA	NA	NA	NA	NA	NA
PT_WGVEF96B	7316-4446	Midline	7	BS_4DQAQFQH	NA	Yes	No	No	No	No	No	ATRX, H3F3A, TP53	No R132 or R172	None	No V600E	NA	NA	NA	NA	NA	NA	NA	NA	NA	NA	NA	NA	NA	NA	NA	NA	NA
PT_WGVEF96B	A08958	Midline	7	BS_TYFD8ZMG	BS_NB9XXBW6	Yes	No	No	No	No	No	ATRX, H3F3A, TP53	No R132 or R172	None	No V600E	neutral	neutral	neutral	neutral	neutral	neutral	neutral	neutral	neutral	NA	NA	-0.6261775294731611	0.500585851942878	-0.642013137450726	None	None	NA
PT_WMWFCG6J	7316-8038	Other	14	BS_JWDK21ED	BS_WQ1YRTAT	No	No	No	No	No	No	None	No R132 or R172	None	No V600E	neutral	neutral	loss	neutral	neutral	neutral	neutral	neutral	loss	NA	NA	0.8750152403870435	0.9288905574862032	1.2317852308781174	None	None	NA
PT_X5TQR8V2	7316-343	Midline	17	BS_C19DFVR5	BS_BMMY0H73	Yes	No	No	No	No	No	ATRX, H3F3A, TP53	No R132 or R172	None	No V600E	neutral	gain	neutral	neutral	neutral	neutral	neutral	neutral	neutral	NA	NA	-0.6107386721226759	-0.4302782343570532	0.513295739502598	NTRK2--NTRK2	None	NA
PT_X648RVMK	7316-238	Hemispheric	4	NA	BS_N6N147BY	NA	NA	NA	NA	NA	NA	NA	NA	NA	NA	NA	NA	NA	NA	NA	NA	NA	NA	NA	NA	NA	-0.8243379387833666	-1.7989318096639237	-0.29418153335792496	None	None	NA
PT_X71D7G5S	7316-1105	Hemispheric	14	BS_P8WN8XEQ	BS_C6ZZ3FY5	No	No	No	No	Yes	No	ATRX, H3F3A, TP53	No R132 or R172	Intron	No V600E	neutral	gain	neutral	neutral	neutral	neutral	neutral	neutral	neutral	NA	NA	1.5387529899398624	-1.0622770217527344	-0.7619637704448406	None	None	NA
PT_X7HC5YCY	7316-255	Hemispheric	16	NA	BS_W4H1D4Y6	NA	NA	NA	NA	NA	NA	NA	NA	NA	NA	NA	NA	NA	NA	NA	NA	NA	NA	NA	NA	NA	0.9030818401035772	0.060181888439987834	-0.5150239159046507	None	None	NA
PT_XKVFVBY4	7316-550	Other	5	NA	BS_W4DB5RP1	NA	NA	NA	NA	NA	NA	NA	NA	NA	NA	NA	NA	NA	NA	NA	NA	NA	NA	NA	NA	NA	-0.8062299269612766	0.6907829988449805	0.8632839731167888	None	None	NA
PT_Y585X1BS	7316-622	Hemispheric		NA	BS_W1385R8Y	NA	NA	NA	NA	NA	NA	NA	NA	NA	NA	NA	NA	NA	NA	NA	NA	NA	NA	NA	NA	NA	1.0395403197228494	0.3914621582062925	0.09999652435770998	None	None	NA
PT_Y5KY6KN9	7316-195	Posterior fossa	9	BS_AYPBAHJ6	BS_4QW2S1Q8	Yes	No	No	No	No	No	H3F3A, TP53	No R132 or R172	None	No V600E	neutral	loss	loss	neutral	neutral	neutral	neutral	neutral	neutral	NA	NA	-0.8182428526777062	0.159613710475506	-1.200148388777413	None	None	NA
PT_Y5KY6KN9	7316-195	Posterior fossa	9	BS_JGKRN7NA	BS_MX23ZY0Y	Yes	No	No	No	No	No	H3F3A, TP53	No R132 or R172	None	No V600E	neutral	neutral	loss	neutral	neutral	neutral	neutral	neutral	neutral	S	739835	-0.8243379387833666	0.8265979101566757	-0.35931856952533603	None	None	739938
PT_Y5KY6KN9	7316-195	Posterior fossa	9	BS_XMP9XNR9	BS_P9JP6JFA	Yes	No	No	No	No	No	H3F3A, TP53	No R132 or R172	Intron	No V600E	neutral	loss	loss, gain	loss	neutral	neutral	neutral	neutral	neutral	A	739834	-0.7771801661428214	-1.745267559073386	-1.6300197154140077	None	None	739937
PT_Y660CKCB	7316-3122	Midline	15	BS_FKQ7F6D1	BS_XG0DBWVT	Yes	No	No	No	No	No	ATRX, H3F3A, TP53	No R132 or R172	None	No V600E	neutral	neutral	loss	neutral	neutral	neutral	neutral	neutral	neutral	NA	NA	-0.6049085839796947	0.9004458826191885	1.1206820768734487	None	None	NA
PT_Y74CVASJ	7316-5002	Midline	4	BS_5Z0GA574	NA	Yes	No	No	No	No	No	H3F3A, TP53	No R132 or R172	Intron	No V600E	neutral	neutral	neutral	neutral	neutral	neutral	neutral	neutral	neutral	NA	NA	NA	NA	NA	NA	NA	NA
PT_Y74CVASJ	A16538	Midline	4	BS_KPG4WCHS	BS_2JP7RBMB	Yes	No	No	No	No	No	H3F3A, TP53	No R132 or R172	None	No V600E	gain	neutral	neutral	neutral	neutral	neutral	neutral	neutral	neutral	NA	NA	-0.6261775294731611	-0.15905254696570634	-0.944413707081856	None	None	NA
PT_Y76A7PBA	7316-2288	Hemispheric	9	BS_M4E4H6NG	BS_VVTHDRBD	No	No	No	No	No	No	None	No R132 or R172	None	No V600E	neutral	neutral	neutral	neutral	neutral	gain	gain	neutral	neutral	NA	NA	-0.2369952705373772	1.1437799817750263	0.1256682460380022	None	None	NA
PT_Y8RNS9JE	7316-1656	Hemispheric	8	BS_3BMGF6GN	BS_X23724NJ	No	No	No	No	No	No	BRAF, TP53	No R132 or R172	None	p.V600E	loss	neutral	neutral	neutral	neutral	neutral	neutral	neutral	neutral	NA	NA	0.7801085894395238	-0.4996565762294209	0.17931528932329716	None	None	NA
PT_YRNATR8Q	7316-8039	Hemispheric	9	BS_JD5FE0V5	BS_J9CBGP57	No	No	No	No	No	No	TP53	No R132 or R172	None	No V600E	neutral	amplification	loss	neutral	neutral	neutral	neutral	neutral	neutral	NA	NA	-0.1869304019470209	0.5873555761508069	0.6191154968597675	None	None	NA
PT_Z2KHR3GQ	7316-8377	Midline	13	BS_X8YB5G5J	BS_CZPQ493E	Yes	No	No	No	No	No	ATRX, H3F3A	No R132 or R172	None	No V600E	gain	neutral	neutral	neutral	neutral	neutral	neutral	neutral	neutral	NA	NA	0.22750758059839582	-0.4155096519134293	-0.5522605412443289	None	None	NA
PT_Z4BF2NSB	7316-161	Hemispheric	16	BS_W2QCHQ7E	BS_X0XXN9BK	No	No	No	No	No	No	CIC, TP53	No R132 or R172	None	No V600E	amplification	neutral	loss	neutral	neutral	neutral	neutral	loss	loss	NA	NA	1.6615798977310763	-3.1310747194392974	-0.44991237919573096	None	None	NA
PT_Z4PJA6KT	7316-1763	Other	10	BS_853PNV7P	BS_DRY58DTF	Yes	No	No	No	No	No	H3F3A, TP53	No R132 or R172	None	No V600E	neutral	neutral	neutral	neutral	neutral	neutral	neutral	neutral	neutral	A	739837	-0.8243379387833666	-1.7714605825429874	0.019981330208319364	None	None	739940
PT_Z4PJA6KT	7316-1763	Other	10	BS_TF5TTEXH	BS_E60JZ9Z3	Yes	No	No	No	No	No	H3F3A, TP53	No R132 or R172	None	No V600E	neutral	neutral	neutral	neutral	neutral	neutral	neutral	neutral	neutral	S	739836	-0.8182428526777062	0.5140255053087537	1.0711979695512668	None	None	739939
PT_Z4PJA6KT	7316-1763	Other	10	BS_WPCBK1EG	BS_6WP1FHTE	Yes	No	No	No	No	No	H3F3A, TP53	No R132 or R172	None	No V600E	gain	gain	loss	neutral	neutral	neutral	neutral	neutral	neutral	NA	NA	-0.1365720725613578	0.35062526139975037	-0.0603818746031209	None	None	NA
PT_ZTWCA9HX	7316-8040	Hemispheric	-3	BS_9W04ZPRR	BS_HRJ9145M	No	No	No	No	No	No	None	No R132 or R172	None	No V600E	neutral	neutral	neutral	neutral	neutral	neutral	neutral	neutral	neutral	NA	NA	1.2316245830981827	-1.2966936814197692	-1.7459792091391824	None	None	NA
PT_ZVYRFGEN	7316-1068	Midline	3	NA	BS_ZV1P6W9C	NA	NA	NA	NA	NA	NA	NA	NA	NA	NA	NA	NA	NA	NA	NA	NA	NA	NA	NA	NA	NA	-0.8182428526777062	-0.4467568179037903	-0.31258600905407063	None	None	NA
