Kids_First_Biospecimen_ID	sample_id	sample_type	cell_line_composition	HIST1H3C_MOD_HIGH_mut_consensus	HIST1H3B_MOD_HIGH_mut_consensus	H3F3A_MOD_HIGH_mut_consensus	H3F3A_MOD_HIGH_mut_rna_seq_snv	TP53_MOD_HIGH_mut_consensus	TP53_MOD_HIGH_mut_rna_seq_snv	TP53_gain_consensus_cnv	TP53_loss_consensus_cnv	TP53_MOD_HIGH_mut_HGVS_consensus	TP53_MOD_HIGH_mut_HGVS_rna_seq_snv
BS_CGXTFM67	7316-3212	Tumor	NA	NA	NA	p.K28M	0	NA	NA	NA	NA	NA	NA
BS_GBT44HST	A03942	Tumor	NA	NA	NA	p.K28M	0	NA	NA	NA	NA	NA	NA
BS_JRFVST47	7316-3213	Tumor	NA	NA	NA	p.K28M	0	1	0	0	0	p.G245S, p.R213*	0
BS_3Z40EZHD	7316-3213	Tumor	NA	NA	NA	p.K28M	0	1	0	0	0	p.G245S, p.R213*	0
BS_6B62YT97	A05262	Tumor	NA	NA	NA	p.K28M	0	1	0	0	0	p.G245S, p.R213*	0
BS_J8EK6RNF	7316-3237	Tumor	NA	NA	NA	NA	NA	1	0	0	0	p.A159P	0
BS_M5FM63EB	7316-3214	Tumor	NA	NA	NA	NA	NA	1	0	0	0	p.A159P	0
BS_M0B42FPR	7316-3214	Tumor	NA	NA	NA	NA	NA	1	0	0	0	p.A159P	0
BS_WYTDVC0Y	A07082	Tumor	NA	NA	NA	NA	NA	1	0	0	0	p.A159P	0
BS_QZRP3NSG	7316-4447	Tumor	NA	NA	NA	NA	NA	1	0	0	0	p.A159P	0
BS_9P4NDTKJ	7316-3232	Tumor	NA	NA	NA	NA	NA	1	0	0	0	p.A159P	0
BS_NNFDFAFM	7316-3215	Tumor	NA	NA	NA	p.K28M	0	1	0	0	0	p.A159P	0
BS_7KR13R3P	A07150	Tumor	NA	NA	NA	p.K28M	0	1	0	0	0	p.A159P	0
BS_YZD4SSMA	7316-3240	Tumor	NA	NA	NA	p.K28M	0	1	0	0	0	p.A159P	0
BS_6JBE0947	7316-4448	Tumor	NA	NA	NA	p.K28M	0	NA	NA	NA	NA	NA	NA
BS_HEJ72V3F	7316-3228	Tumor	NA	NA	NA	p.K28M	0	NA	NA	NA	NA	NA	NA
BS_1MME7FBS	7316-3216	Tumor	NA	NA	NA	p.K28M	0	NA	NA	NA	NA	NA	NA
BS_GKXD33YH	A14449	Tumor	NA	NA	NA	p.K28M	0	NA	NA	NA	NA	NA	NA
BS_6DT506HY	A08692	Tumor	NA	NA	NA	p.K28M	0	NA	NA	NA	NA	NA	NA
BS_AHAXPFG3	7316-3228	Tumor	NA	NA	NA	p.K28M	0	NA	NA	NA	NA	NA	NA
BS_FWP8ZA4K	A08732	Tumor	NA	NA	NA	p.K28M	0	1	0	0	0	p.R282W	0
BS_DVDT4VXQ	7316-3234	Tumor	NA	NA	NA	p.K28M	0	NA	NA	NA	NA	NA	NA
BS_1Q524P3B	7316-3231	Tumor	NA	NA	NA	p.K28M	0	NA	NA	NA	NA	NA	NA
BS_0ATJ22QA	7316-3217	Tumor	NA	NA	NA	p.K28M	0	NA	NA	NA	NA	NA	NA
BS_9DN4QR6E	A12398	Tumor	NA	NA	NA	p.K28M	0	1	0	0	0	p.R282W	0
BS_22VCR7DF	7316-3231	Tumor	NA	NA	NA	p.K28M	0	NA	NA	NA	NA	NA	NA
BS_X5VN0FW0	7316-3231	Tumor	NA	NA	NA	p.K28M	0	NA	NA	NA	NA	NA	NA
BS_AK9BV52G	7316-3231	Tumor	NA	NA	NA	p.K28M	0	NA	NA	NA	NA	NA	NA
BS_D6STCMQS	7316-3231	Tumor	NA	NA	NA	p.K28M	0	NA	NA	NA	NA	NA	NA
BS_H8NWA41N	7316-3217	Tumor	NA	NA	NA	p.K28M	0	NA	NA	NA	NA	NA	NA
BS_YHXMYDBN	7316-3231	Tumor	NA	NA	NA	p.K28M	0	NA	NA	NA	NA	NA	NA
BS_AEEKJ1QK	A08768	Tumor	NA	NA	NA	p.K28M	0	1	0	0	0	p.V157L, p.S37Y	0
BS_7PF3C1P7	7316-3218	Tumor	NA	NA	NA	p.K28M	0	1	0	0	1	p.V157L, p.S37Y	0
BS_TYFD8ZMG	A08958	Tumor	NA	NA	NA	p.K28M	0	1	0	0	0	p.R248W	0
BS_4DQAQFQH	7316-4446	Tumor	NA	NA	NA	p.K28M	0	1	0	0	0	p.R248W	0
BS_TQ0J7WJQ	7316-3219	Tumor	NA	NA	NA	p.K28M	0	1	0	0	0	p.R248W	0
BS_FK3B5SDH	7316-3221	Tumor	NA	NA	NA	p.K28M	0	1	0	0	0	p.L265P	0
BS_52ETE050	A09446	Tumor	NA	NA	NA	p.K28M	0	1	0	0	0	p.L265P	0
BS_8SYN7GXG	7316-3220	Tumor	NA	NA	NA	NA	NA	1	0	0	0	p.R273H, p.R110L	0
BS_H3TYF6GD	A09410	Tumor	NA	NA	NA	NA	NA	1	0	0	0	p.R273H, p.R110L	0
BS_682Z7WH6	7316-3222	Tumor	NA	NA	NA	p.K28M	0	1	0	0	0	p.R196P	0
BS_R6CKWZW6	7316-3222	Tumor	NA	NA	NA	p.K28M	0	1	0	0	0	p.R196P	0
BS_5FBN4PPQ	A09576	Tumor	NA	NA	NA	p.K28M	0	1	0	0	0	p.R196P	0
BS_AF5D41PD	7316-3230	Tumor	NA	NA	NA	p.K28M	0	1	0	0	0	p.C242Y, p.K120E	0
BS_3VKW5988	7316-3223	Tumor	NA	NA	NA	p.K28M	0	1	0	0	0	p.C242Y, p.K120E	0
BS_BQ81D2BP	7316-3223	Tumor	NA	NA	NA	p.K28M	0	1	0	0	0	p.C242Y, p.K120E	0
BS_5968GBGT	7316-3230	Tumor	NA	NA	NA	p.K28M	0	1	0	0	0	p.R282W, p.K120E	0
BS_EE73VE7V	7316-3230	Tumor	NA	NA	NA	NA	NA	1	0	0	0	p.K120E	0
BS_HYKV2TH9	7316-3230	Tumor	NA	NA	NA	p.K28M	0	1	0	0	0	p.C242Y, p.K120E	0
BS_402W79TS	A09689	Tumor	NA	NA	NA	p.K28M	0	1	0	0	0	p.C242Y, p.K120E	0
BS_541KKASA	A09985	Tumor	NA	NA	NA	p.K28M	0	1	0	0	0	p.R273C, p.N239S	0
BS_7GKF6M85	7316-3224	Tumor	NA	NA	NA	p.K28M	0	1	0	0	0	p.N239S	0
BS_Q6GVRAWK	7316-3225	Tumor	NA	NA	p.K28M	NA	NA	1	0	0	0	p.R248Q	0
BS_VXDGXQKZ	7316-3235	Tumor	NA	NA	p.K28M	NA	NA	1	0	0	0	p.R248Q	0
BS_6VTQ3W4M	A12748	Tumor	NA	NA	p.K28M	NA	NA	1	0	0	0	p.R248Q	0
BS_Y0DGBKTY	A12911	Tumor	NA	NA	NA	p.K28M	0	NA	NA	NA	NA	NA	NA
BS_2X60Q1ET	7316-3226	Tumor	NA	NA	NA	p.K28M	0	NA	NA	NA	NA	NA	NA
BS_7G3AFSCR	7316-3226	Tumor	NA	NA	NA	p.K28M	0	NA	NA	NA	NA	NA	NA
BS_B4PPG3X5	7316-3226	Tumor	NA	NA	NA	p.K28M	0	NA	NA	NA	NA	NA	NA
BS_J8EH1N7V	7316-3229	Tumor	NA	p.K28M	NA	NA	NA	1	0	0	0	p.R248Q	0
BS_ZSH09N84	7316-3227	Tumor	NA	p.K28M	NA	NA	NA	1	0	0	0	p.R248Q	0
BS_Y74XAFJX	7316-3229	Tumor	NA	p.K28M	NA	NA	NA	1	0	0	0	p.R248Q	0
BS_CBMAWSAR	7316-3227	Tumor	NA	p.K28M	NA	NA	NA	1	0	0	0	p.R248Q	0
BS_A6YJ3WG2	A14565	Tumor	NA	NA	NA	NA	NA	NA	NA	NA	NA	NA	NA
BS_0AK4F99X	7316-4994	Tumor	NA	NA	NA	NA	NA	NA	NA	NA	NA	NA	NA
BS_Z64NEPNE	7316-4994	Tumor	NA	NA	NA	NA	NA	NA	NA	NA	NA	NA	NA
BS_CX6KACX6	A14567	Tumor	NA	NA	p.K28M	NA	NA	1	0	0	1	p.P278S	0
BS_KQRAHH6Y	7316-4995	Tumor	NA	NA	p.K28M	NA	NA	1	0	0	1	p.P278S	0
BS_X6H86RTA	7316-4995	Tumor	NA	NA	p.K28M	NA	NA	1	0	0	1	p.P278S	0
BS_1RTE2KEX	A14709	Tumor	NA	NA	NA	p.K28M	0	1	0	0	0	p.R248Q	0
BS_DRVEFVQ5	7316-4996	Tumor	NA	NA	NA	p.K28M	0	1	0	0	0	p.R248Q	0
BS_Y96RP1HJ	7316-4996	Tumor	NA	NA	NA	p.K28M	0	1	0	0	0	p.R248Q	0
BS_2KMB51YF	A15170	Tumor	NA	NA	NA	p.K28M	0	NA	NA	NA	NA	NA	NA
BS_4PM2QG9C	7316-4997	Tumor	NA	NA	NA	p.K28M	0	NA	NA	NA	NA	NA	NA
BS_CD7AXQM8	7316-4998	Tumor	NA	NA	NA	NA	NA	NA	NA	NA	NA	NA	NA
BS_Z3AB3KMP	7316-4999	Tumor	NA	NA	NA	p.K28M	0	1	0	0	0	p.M237I	0
BS_74SJ7YV4	A15726	Tumor	NA	NA	NA	p.K28M	0	NA	NA	NA	NA	NA	NA
BS_B19AWBBW	7316-5000	Tumor	NA	NA	NA	p.K28M	0	NA	NA	NA	NA	NA	NA
BS_5CCAC8TZ	A16405	Tumor	NA	NA	NA	p.K28M	0	1	0	0	0	p.M246K	0
BS_QFH9XM6Q	7316-5001	Tumor	NA	NA	NA	p.K28M	0	1	0	0	1	p.M246K	0
BS_KPG4WCHS	A16538	Tumor	NA	NA	NA	p.K28M	0	1	0	0	1	p.V173M, p.M66Ifs*57	0
BS_5Z0GA574	7316-5002	Tumor	NA	NA	NA	p.K28M	0	1	0	0	1	p.V173M, p.M66Ifs*57	0
BS_P7VR731D	A16915	Tumor	NA	NA	NA	p.K28M	0	1	0	0	0	p.R158P, p.C135F	0
BS_38CD519Z	7316-5003	Tumor	NA	NA	NA	p.K28M	0	1	0	0	0	p.R158P, p.C135F	0
BS_XPZAD9PP	A17096	Tumor	NA	NA	NA	p.K28M	0	1	0	0	1	p.R175H	0
BS_4DYW3T2A	7316-5004	Tumor	NA	NA	NA	p.K28M	0	1	0	0	1	p.R175H	0
BS_328C4BW5	A17997	Tumor	NA	NA	NA	p.K28M	0	NA	NA	NA	NA	NA	NA
BS_G65EA38C	7316-5005	Tumor	NA	NA	NA	p.K28M	0	NA	NA	NA	NA	NA	NA
BS_JCWD4DMA	A18552	Tumor	NA	NA	NA	p.K28M	0	1	0	0	1	p.V157_R158del	0
BS_JD05XR6E	7316-5006	Tumor	NA	NA	NA	p.K28M	0	1	0	0	1	p.V157_R158del	0
BS_QZPGVNBB	A18777	Tumor	NA	NA	NA	p.K28M	0	1	0	0	1	p.K132N	0
BS_RWJ0571Q	7316-5812	Tumor	NA	NA	NA	p.K28M	0	1	0	0	1	p.K132N	0
BS_6687ZNGS	A19015	Tumor	NA	NA	NA	p.K28M	0	1	0	0	1	p.R213L	0
BS_2NDRETB2	7316-5813	Tumor	NA	NA	NA	p.K28M	0	1	0	0	0	p.R213L	0
BS_2HDEZFTW	A19649	Tumor	NA	NA	p.K28M	NA	NA	1	0	0	1	p.P151H	0
BS_JDZX545X	7316-5814	Tumor	NA	NA	p.K28M	NA	NA	1	0	0	0	p.P151H	0
BS_74TZJTW0	A20091	Tumor	NA	NA	NA	p.K28M	0	NA	NA	NA	NA	NA	NA
BS_169P1QCA	7316-5922	Tumor	NA	NA	NA	p.K28M	0	NA	NA	NA	NA	NA	NA
BS_VCE73HPW	7316-5815	Tumor	NA	NA	NA	p.K28M	0	NA	NA	NA	NA	NA	NA
BS_QWS88QXE	7316-2857	Tumor	NA	NA	NA	NA	NA	NA	NA	NA	NA	NA	NA
BS_VW4XN9Y7	7316-2640	Tumor	NA	NA	NA	NA	NA	1	0	0	0	p.R273C	0
BS_B9QP40ER	7316-409	Tumor	NA	NA	NA	p.K28M	0	1	0	0	0	p.R248Q	0
BS_8Q8N6AHW	7316-2554	Tumor	NA	NA	NA	NA	NA	1	0	0	0	p.H193Y	0
BS_EJV0N3BX	7316-2217	Tumor	NA	NA	NA	NA	NA	1	0	0	1	p.H193Y	0
BS_F064HMTP	7316-3625	Tumor	NA	NA	NA	NA	NA	NA	NA	NA	NA	NA	NA
BS_CZRA594T	7316-85	Tumor	A	NA	NA	NA	NA	NA	NA	NA	NA	NA	NA
BS_E42SSQGJ	7316-85	Tumor	NA	NA	NA	NA	NA	NA	NA	NA	NA	NA	NA
BS_ERAWW3H7	7316-85	Tumor	S	NA	NA	NA	NA	NA	NA	NA	NA	NA	NA
BS_20TBZG09	7316-515	Tumor	NA	NA	NA	NA	NA	1	0	0	0	p.R213*, p.R181C, p.K139N	0
BS_8AY2GM4G	7316-2085	Tumor	NA	NA	NA	NA	NA	1	0	0	0	p.R213*, p.R181C, p.K139N	0
BS_T7WMJ08W	7316-466	Tumor	NA	NA	NA	p.K28M	0	NA	NA	NA	NA	NA	NA
BS_823V5X6Z	7316-388	Tumor	NA	NA	NA	p.K28M	0	1	0	0	1	p.R248W	0
BS_QG6V29H7	7316-1936	Tumor	NA	NA	NA	p.K28M	0	1	0	0	0	p.C242Y	0
BS_3E5C1PN1	7316-1937	Tumor	NA	NA	NA	p.K28M	0	1	0	0	0	p.C242Y	0
BS_NNPEC7W1	7316-2810	Tumor	NA	NA	NA	0	p.K28M	0	1	0	0	0	p.C242Y
BS_WJB33V17	7316-3769	Tumor	NA	NA	NA	NA	NA	NA	NA	NA	NA	NA	NA
BS_BFDEZK1C	7316-1102	Tumor	NA	NA	NA	p.K28M	0	0	0	1	0	0	0
BS_S0T3CQ97	7316-2980	Tumor	NA	NA	NA	NA	NA	1	0	0	0	p.R273C, p.R213*	0
BS_XGVSX8BX	7316-2610	Tumor	NA	NA	NA	NA	NA	NA	NA	NA	NA	NA	NA
BS_E5H6CFYT	7316-2255	Tumor	NA	NA	p.K28M	NA	NA	NA	NA	NA	NA	NA	NA
BS_MW63FCZC	7316-535	Tumor	NA	NA	NA	NA	NA	NA	NA	NA	NA	NA	NA
BS_G16NM5WJ	7316-506	Tumor	NA	NA	p.K28M	NA	NA	NA	NA	NA	NA	NA	NA
BS_KHSYAB3J	7316-2152	Tumor	NA	NA	NA	p.K28M	0	1	0	0	0	p.R175H	0
BS_JB3J82ZK	7316-2308	Tumor	NA	NA	NA	NA	NA	1	0	0	0	p.V173L	0
BS_G9MQM1KK	7316-445	Tumor	NA	NA	NA	NA	NA	NA	NA	NA	NA	NA	NA
BS_X1DSETVE	7316-1789	Tumor	NA	NA	NA	NA	NA	NA	NA	NA	NA	NA	NA
BS_YB99Q6TN	7316-2557	Tumor	NA	NA	NA	p.K28M	0	NA	NA	NA	NA	NA	NA
BS_WJF6ZXWN	7316-3935	Tumor	NA	NA	NA	p.K28M	0	1	0	0	0	p.R248Q	0
BS_ZCY4ECNV	7316-1085	Tumor	NA	NA	NA	p.K28M	0	1	0	0	0	p.I195T	0
BS_GKPVZXYP	7316-644	Tumor	NA	NA	NA	p.K28M	0	1	0	0	0	p.G245D	0
BS_F8K4VQMF	7316-3817	Tumor	NA	NA	NA	NA	NA	NA	NA	NA	NA	NA	NA
BS_85Q5P8GF	7316-2594	Tumor	NA	NA	NA	p.K28M	0	0	0	0	1	0	0
BS_QWM9BPDY	7316-3058	Tumor	A	NA	NA	p.K28M	0	0	0	0	1	0	0
BS_HM5GFJN8	7316-3058	Tumor	S	NA	NA	p.K28M	0	1	0	0	1	p.A276T	0
BS_P0QJ1QAH	7316-3058	Tumor	NA	NA	NA	p.K28M	0	1	0	0	1	p.R273H	0
BS_KY1CTGJ3	7316-1769	Tumor	NA	NA	NA	p.K28M	0	NA	NA	NA	NA	NA	NA
BS_RXP2ZRQT	7316-1769	Tumor	S	NA	NA	p.K28M	0	NA	NA	NA	NA	NA	NA
BS_H0638GZT	7316-392	Tumor	NA	NA	NA	p.K28M	0	NA	NA	NA	NA	NA	NA
BS_R1G6SG0K	7316-440	Tumor	NA	NA	NA	NA	NA	1	0	0	0	p.C135F, p.S94*	0
BS_NJFK43N3	7316-3075	Tumor	NA	NA	NA	NA	NA	NA	NA	NA	NA	NA	NA
BS_8FSJDG2T	7316-3030	Tumor	NA	NA	NA	NA	NA	1	0	0	0	p.R282W	0
BS_HJ95JNFN	7316-2274	Tumor	NA	NA	NA	NA	NA	NA	NA	NA	NA	NA	NA
BS_EPM623G4	7316-1099	Tumor	NA	NA	NA	p.G35R	0	1	0	0	0	p.Q192*	0
BS_230S192D	7316-1956	Tumor	NA	NA	NA	p.K28M	0	NA	NA	NA	NA	NA	NA
BS_80078QDG	7316-3765	Tumor	NA	NA	NA	NA	NA	0	0	0	1	0	0
BS_C2NH5FDT	7316-126	Tumor	NA	NA	NA	p.K28M	0	1	0	0	1	p.G244C	0
BS_PPY0EWPG	7316-116	Tumor	NA	NA	NA	p.K28M	0	1	0	0	1	p.G244C	0
BS_58X7SKJS	7316-1946	Tumor	NA	NA	NA	NA	NA	1	0	0	0	p.X126_splice	0
BS_1S5V7WWC	7316-3771	Tumor	NA	NA	NA	p.K28M	0	NA	NA	NA	NA	NA	NA
BS_SK4H5MJQ	7316-204	Tumor	NA	NA	NA	NA	NA	NA	NA	NA	NA	NA	NA
BS_P3PF53V8	7316-2307	Tumor	NA	NA	NA	NA	NA	1	0	0	0	p.R248W	0
BS_9DM8H1RX	7316-194	Tumor	NA	NA	NA	NA	NA	NA	NA	NA	NA	NA	NA
BS_J4E9SW51	7316-1106	Tumor	NA	NA	NA	NA	NA	NA	NA	NA	NA	NA	NA
BS_KSHETTQC	7316-2176	Tumor	NA	NA	NA	NA	NA	NA	NA	NA	NA	NA	NA
BS_M659G06J	7316-2176	Tumor	A	NA	NA	NA	NA	NA	NA	NA	NA	NA	NA
BS_TRGECFNP	7316-2756	Tumor	NA	NA	NA	p.K28M	0	NA	NA	NA	NA	NA	NA
BS_MSB1RDAJ	7316-71	Tumor	NA	NA	NA	NA	NA	NA	NA	NA	NA	NA	NA
BS_C19DFVR5	7316-343	Tumor	NA	NA	NA	p.K28M	0	1	0	0	0	p.R282W	0
BS_AYPBAHJ6	7316-195	Tumor	NA	NA	NA	p.K28M	0	1	0	0	0	p.X331_splice	0
BS_JGKRN7NA	7316-195	Tumor	S	NA	NA	p.K28M	0	1	0	0	0	p.X331_splice	0
BS_XMP9XNR9	7316-195	Tumor	A	NA	NA	p.K28M	0	1	0	0	0	p.X331_splice	0
BS_FKQ7F6D1	7316-3122	Tumor	NA	NA	NA	p.K28M	0	1	0	0	1	p.G266R	0
BS_W2QCHQ7E	7316-161	Tumor	NA	NA	NA	NA	NA	1	0	0	0	p.R342P, p.P72Lfs*48	0
BS_853PNV7P	7316-1763	Tumor	A	NA	NA	p.K28M	0	1	0	0	0	p.R213*	0
BS_TF5TTEXH	7316-1763	Tumor	S	NA	NA	p.K28M	0	1	0	0	0	p.R213*	0
BS_WPCBK1EG	7316-1763	Tumor	NA	NA	NA	p.K28M	0	1	0	0	0	p.R213*	0
BS_68TZMZH1	7316-1746	Tumor	A	NA	NA	NA	NA	1	0	0	0	p.Y163C	0
BS_AFBPM6CN	7316-1746	Tumor	S	NA	NA	NA	NA	1	0	0	0	p.Y163C	0
BS_R5SNFB5B	7316-1746	Tumor	NA	NA	NA	NA	NA	0	1	0	0	0	p.Y163C
BS_GS9JCK55	7316-2680	Tumor	NA	NA	NA	NA	NA	NA	NA	NA	NA	NA	NA
BS_5ZRZC3ZM	7316-1107	Tumor	NA	NA	NA	NA	NA	NA	NA	NA	NA	NA	NA
BS_0QEBZX3M	7316-449	Tumor	NA	NA	NA	NA	NA	NA	NA	NA	NA	NA	NA
BS_VW96PFKQ	7316-20	Tumor	NA	NA	NA	NA	NA	NA	NA	NA	NA	NA	NA
BS_Z4S81HG1	7316-2614	Tumor	NA	NA	NA	NA	NA	NA	NA	NA	NA	NA	NA
BS_WJ7GMQTF	7316-3572	Tumor	NA	NA	NA	NA	NA	NA	NA	NA	NA	NA	NA
BS_V8G6BZRR	7316-3630	Tumor	NA	NA	NA	NA	NA	NA	NA	NA	NA	NA	NA
BS_18NCV5QZ	7316-1703	Tumor	NA	NA	NA	NA	NA	NA	NA	NA	NA	NA	NA
BS_JE1DF581	7316-2661	Tumor	NA	NA	NA	NA	NA	NA	NA	NA	NA	NA	NA
BS_9N3B3HZB	7316-3319	Tumor	NA	NA	NA	NA	NA	NA	NA	NA	NA	NA	NA
BS_AGD2ATY1	7316-496	Tumor	NA	NA	NA	NA	NA	NA	NA	NA	NA	NA	NA
BS_6Q9PMNWY	7316-206	Tumor	NA	NA	NA	NA	NA	NA	NA	NA	NA	NA	NA
BS_P3P96WCD	7316-2133	Tumor	NA	NA	NA	NA	NA	NA	NA	NA	NA	NA	NA
BS_QE5B0T7R	7316-1679	Tumor	NA	NA	NA	NA	NA	NA	NA	NA	NA	NA	NA
BS_W23ERYW3	7316-1073	Tumor	NA	NA	NA	NA	NA	NA	NA	NA	NA	NA	NA
BS_9YPJANGX	7316-2252	Tumor	NA	NA	NA	NA	NA	NA	NA	NA	NA	NA	NA
BS_QZT3SPY7	7316-3576	Tumor	NA	NA	NA	NA	NA	0	0	0	1	0	0
BS_M18CDDGK	7316-94	Tumor	NA	NA	NA	NA	NA	NA	NA	NA	NA	NA	NA
BS_Y7CA8B5R	7316-3846	Tumor	NA	NA	NA	NA	NA	0	0	0	1	0	0
BS_8S2CZBA6	7316-344	Tumor	NA	NA	NA	NA	NA	NA	NA	NA	NA	NA	NA
BS_YGQS4660	7316-442	Tumor	NA	NA	NA	NA	NA	NA	NA	NA	NA	NA	NA
BS_1EYKDS0Z	7316-1693	Tumor	NA	NA	NA	NA	NA	NA	NA	NA	NA	NA	NA
BS_AXW0XBH8	7316-359	Tumor	NA	NA	NA	NA	NA	NA	NA	NA	NA	NA	NA
BS_8WJR4AA3	7316-2141	Tumor	NA	NA	NA	NA	NA	NA	NA	NA	NA	NA	NA
BS_6XP91JM2	7316-175	Tumor	NA	NA	NA	NA	NA	NA	NA	NA	NA	NA	NA
BS_6ZP2KRPW	7316-740	Tumor	NA	NA	NA	NA	NA	NA	NA	NA	NA	NA	NA
BS_AWV1EDYB	7316-1797	Tumor	NA	NA	NA	NA	NA	NA	NA	NA	NA	NA	NA
BS_7M5272WN	7316-2689	Tumor	NA	NA	NA	NA	NA	NA	NA	NA	NA	NA	NA
BS_CSY11X7E	7316-2865	Tumor	NA	NA	NA	NA	NA	NA	NA	NA	NA	NA	NA
BS_PMSZKZP7	7316-2195	Tumor	NA	NA	NA	NA	NA	NA	NA	NA	NA	NA	NA
BS_T99M7842	7316-39	Tumor	NA	NA	NA	NA	NA	NA	NA	NA	NA	NA	NA
BS_2RJN5Z4W	7316-117	Tumor	NA	NA	NA	NA	NA	NA	NA	NA	NA	NA	NA
BS_2Z9JQDPV	7316-2641	Tumor	NA	NA	NA	NA	NA	NA	NA	NA	NA	NA	NA
BS_VPJ9CARN	7316-2291	Tumor	NA	NA	NA	NA	NA	NA	NA	NA	NA	NA	NA
BS_4M0ZMCDC	7316-400	Tumor	NA	NA	NA	NA	NA	NA	NA	NA	NA	NA	NA
BS_RQ5Z7KNW	7316-2227	Tumor	NA	NA	NA	NA	NA	0	0	0	1	0	0
BS_ZHJFX6C9	7316-398	Tumor	NA	NA	NA	NA	NA	NA	NA	NA	NA	NA	NA
BS_85Y70BHE	7316-1960	Tumor	NA	NA	NA	NA	NA	NA	NA	NA	NA	NA	NA
BS_SE82EQF8	7316-235	Tumor	NA	NA	NA	NA	NA	NA	NA	NA	NA	NA	NA
BS_C3X4AEK5	7316-1941	Tumor	NA	NA	NA	NA	NA	NA	NA	NA	NA	NA	NA
BS_YZ0P5E8H	7316-479	Tumor	NA	NA	NA	NA	NA	NA	NA	NA	NA	NA	NA
BS_41TD9XET	7316-222	Tumor	NA	NA	NA	NA	NA	NA	NA	NA	NA	NA	NA
BS_V79WFJ6N	7316-1117	Tumor	NA	NA	NA	NA	NA	NA	NA	NA	NA	NA	NA
BS_Z5D6G1S6	7316-908	Tumor	NA	NA	NA	NA	NA	NA	NA	NA	NA	NA	NA
BS_M8EBKZDG	7316-1928	Tumor	NA	NA	NA	NA	NA	NA	NA	NA	NA	NA	NA
BS_6GV08HTE	7316-1711	Tumor	NA	NA	NA	NA	NA	NA	NA	NA	NA	NA	NA
BS_Y4ZX0YX7	7316-482	Tumor	NA	NA	NA	NA	NA	NA	NA	NA	NA	NA	NA
BS_MEPW36WF	7316-556	Tumor	NA	NA	NA	NA	NA	0	0	0	1	0	0
BS_PV130A29	7316-2305	Tumor	NA	NA	NA	NA	NA	NA	NA	NA	NA	NA	NA
BS_59FR1NC2	7316-723	Tumor	NA	NA	NA	NA	NA	NA	NA	NA	NA	NA	NA
BS_SCQNN2A2	7316-2224	Tumor	NA	NA	NA	NA	NA	NA	NA	NA	NA	NA	NA
BS_X1R0N8QS	7316-676	Tumor	NA	NA	NA	NA	NA	0	0	0	1	0	0
BS_W8DA9AXT	7316-3071	Tumor	NA	NA	NA	NA	NA	NA	NA	NA	NA	NA	NA
BS_02W5H7K5	7316-1649	Tumor	NA	NA	NA	NA	NA	NA	NA	NA	NA	NA	NA
BS_02ZSVZCB	7316-3628	Tumor	NA	NA	NA	NA	NA	1	0	0	0	p.X307_splice	0
BS_TNQKJZCP	7316-2230	Tumor	NA	NA	NA	NA	NA	0	0	0	1	0	0
BS_41SWNWAG	7316-2752	Tumor	NA	NA	NA	NA	NA	NA	NA	NA	NA	NA	NA
BS_AG0BZN6F	7316-2961	Tumor	NA	NA	NA	NA	NA	NA	NA	NA	NA	NA	NA
BS_1JGQPJH3	7316-901	Tumor	NA	NA	NA	NA	NA	1	0	0	0	p.X261_splice, p.X187_splice	0
BS_JK5GTHVG	7316-1118	Tumor	NA	NA	NA	NA	NA	NA	NA	NA	NA	NA	NA
BS_R82MYPKB	7316-405	Tumor	NA	NA	NA	NA	NA	NA	NA	NA	NA	NA	NA
BS_X7QJCVJB	7316-3192	Tumor	NA	NA	NA	NA	NA	NA	NA	NA	NA	NA	NA
BS_00TRPEQX	7316-2660	Tumor	NA	NA	NA	NA	NA	NA	NA	NA	NA	NA	NA
BS_D368BNRD	7316-2146	Tumor	NA	NA	NA	NA	NA	NA	NA	NA	NA	NA	NA
BS_BQWMQM2Y	7316-895	Tumor	NA	NA	NA	NA	NA	NA	NA	NA	NA	NA	NA
BS_1M63B97V	7316-2751	Tumor	NA	NA	NA	NA	NA	NA	NA	NA	NA	NA	NA
BS_4Z6F1HJZ	7316-2569	Tumor	NA	NA	NA	NA	NA	NA	NA	NA	NA	NA	NA
BS_79NQJZ09	7316-1774	Tumor	NA	NA	NA	NA	NA	1	0	0	0	p.T125R	0
BS_MSGYZ69T	7316-3513	Tumor	NA	NA	NA	NA	NA	NA	NA	NA	NA	NA	NA
BS_AR2BH0Z4	7316-452	Tumor	NA	NA	NA	NA	NA	NA	NA	NA	NA	NA	NA
BS_BYJDRXMK	7316-3057	Tumor	NA	NA	NA	NA	NA	NA	NA	NA	NA	NA	NA
BS_B5Z2XV03	7316-408	Tumor	NA	NA	NA	NA	NA	NA	NA	NA	NA	NA	NA
BS_AVS4DSZW	7316-174	Tumor	NA	NA	NA	NA	NA	NA	NA	NA	NA	NA	NA
BS_BM95DGCQ	7316-2175	Tumor	NA	NA	NA	NA	NA	NA	NA	NA	NA	NA	NA
BS_EJ1H9PZY	7316-4035	Tumor	NA	NA	NA	NA	NA	NA	NA	NA	NA	NA	NA
BS_MGY2V5N4	7316-2864	Tumor	NA	NA	NA	NA	NA	NA	NA	NA	NA	NA	NA
BS_7XZNDFV4	7316-2588	Tumor	NA	NA	NA	NA	NA	NA	NA	NA	NA	NA	NA
BS_CHAFNK64	7316-258	Tumor	NA	NA	NA	NA	NA	NA	NA	NA	NA	NA	NA
BS_KG1YMTA4	7316-1664	Tumor	NA	NA	NA	NA	NA	NA	NA	NA	NA	NA	NA
BS_CRKBDAYZ	7316-4341	Tumor	NA	NA	NA	NA	NA	NA	NA	NA	NA	NA	NA
BS_D3XVXF05	7316-377	Tumor	NA	NA	NA	NA	NA	NA	NA	NA	NA	NA	NA
BS_8CA214YR	7316-3963	Tumor	NA	NA	NA	NA	NA	NA	NA	NA	NA	NA	NA
BS_93BV8AY9	7316-234	Tumor	NA	NA	NA	NA	NA	NA	NA	NA	NA	NA	NA
BS_3MYQP7P5	7316-2899	Tumor	NA	NA	NA	NA	NA	NA	NA	NA	NA	NA	NA
BS_P7CY04E7	7316-820	Tumor	NA	NA	NA	NA	NA	NA	NA	NA	NA	NA	NA
BS_99PPRCW4	7316-1954	Tumor	NA	NA	NA	NA	NA	NA	NA	NA	NA	NA	NA
BS_MT5ZSRG4	7316-346	Tumor	NA	NA	NA	NA	NA	NA	NA	NA	NA	NA	NA
BS_Q5XKTB1V	7316-516	Tumor	NA	NA	NA	NA	NA	NA	NA	NA	NA	NA	NA
BS_886M7JMG	7316-3557	Tumor	NA	NA	NA	NA	NA	NA	NA	NA	NA	NA	NA
BS_HZHEF797	7316-553	Tumor	NA	NA	NA	NA	NA	NA	NA	NA	NA	NA	NA
BS_A3EV6FXK	7316-3516	Tumor	NA	NA	NA	NA	NA	NA	NA	NA	NA	NA	NA
BS_5KK9P7XD	7316-1938	Tumor	NA	NA	NA	NA	NA	NA	NA	NA	NA	NA	NA
BS_2VSN5YC5	7316-3316	Tumor	NA	NA	NA	NA	NA	NA	NA	NA	NA	NA	NA
BS_AWDQEKK1	7316-1747	Tumor	NA	NA	NA	NA	NA	1	0	0	0	p.X126_splice	0
BS_NHRNZRQV	7316-934	Tumor	NA	NA	NA	NA	NA	NA	NA	NA	NA	NA	NA
BS_KVV3G6NP	7316-643	Tumor	NA	NA	NA	NA	NA	NA	NA	NA	NA	NA	NA
BS_V2MDX7HG	7316-2743	Tumor	NA	NA	NA	NA	NA	NA	NA	NA	NA	NA	NA
BS_B6KCJF2B	7316-1985	Tumor	NA	NA	NA	NA	NA	NA	NA	NA	NA	NA	NA
BS_6VKKMM6M	7316-3680	Tumor	NA	NA	NA	NA	NA	NA	NA	NA	NA	NA	NA
BS_6GN1FGTB	7316-2110	Tumor	NA	NA	NA	NA	NA	NA	NA	NA	NA	NA	NA
BS_QZTPJ8YW	7316-1646	Tumor	NA	NA	NA	NA	NA	NA	NA	NA	NA	NA	NA
BS_70FKSKM9	7316-3202	Tumor	NA	NA	NA	NA	NA	NA	NA	NA	NA	NA	NA
BS_VK46N40F	7316-2757	Tumor	NA	NA	NA	NA	NA	NA	NA	NA	NA	NA	NA
BS_TE8QFF7T	7316-447	Tumor	NA	NA	NA	NA	NA	NA	NA	NA	NA	NA	NA
BS_ZAH4FHV2	7316-1972	Tumor	NA	NA	NA	NA	NA	NA	NA	NA	NA	NA	NA
BS_4ZKN0WGS	7316-1978	Tumor	NA	NA	NA	NA	NA	NA	NA	NA	NA	NA	NA
BS_V3ZNXRHK	7316-2575	Tumor	NA	NA	NA	NA	NA	NA	NA	NA	NA	NA	NA
BS_KFRBXXV7	7316-2244	Tumor	NA	NA	NA	NA	NA	NA	NA	NA	NA	NA	NA
BS_0SFXXBQ5	7316-3020	Tumor	NA	NA	NA	NA	NA	NA	NA	NA	NA	NA	NA
BS_SNC5WMVN	7316-340	Tumor	NA	NA	NA	NA	NA	NA	NA	NA	NA	NA	NA
BS_ABZ3BK38	7316-3000	Tumor	NA	NA	NA	NA	NA	NA	NA	NA	NA	NA	NA
BS_XMNBSBGN	7316-1806	Tumor	NA	NA	NA	NA	NA	NA	NA	NA	NA	NA	NA
BS_RGSJMSRE	7316-2275	Tumor	NA	NA	NA	NA	NA	NA	NA	NA	NA	NA	NA
BS_VA07453Z	7316-741	Tumor	NA	NA	NA	NA	NA	NA	NA	NA	NA	NA	NA
BS_MWXDJFWW	7316-124	Tumor	NA	NA	NA	NA	NA	NA	NA	NA	NA	NA	NA
BS_ZV21J6YW	7316-1801	Tumor	NA	NA	NA	NA	NA	0	0	0	1	0	0
BS_W5P7SPDH	7316-160	Tumor	NA	NA	NA	NA	NA	NA	NA	NA	NA	NA	NA
BS_FSM39DXA	7316-1784	Tumor	NA	NA	NA	NA	NA	NA	NA	NA	NA	NA	NA
BS_83MSWR59	7316-292	Tumor	NA	NA	NA	NA	NA	NA	NA	NA	NA	NA	NA
BS_AG6M7TJE	7316-451	Tumor	NA	NA	NA	NA	NA	NA	NA	NA	NA	NA	NA
BS_86QSEFS7	7316-365	Tumor	NA	NA	NA	NA	NA	NA	NA	NA	NA	NA	NA
BS_KJQXZ8GK	7316-2987	Tumor	NA	NA	NA	NA	NA	0	0	1	0	0	0
BS_AJAH8KG5	7316-177	Tumor	NA	NA	NA	NA	NA	NA	NA	NA	NA	NA	NA
BS_MBYEK6HV	7316-3061	Tumor	NA	NA	NA	NA	NA	NA	NA	NA	NA	NA	NA
BS_TZPJHKQR	7316-267	Tumor	NA	NA	NA	NA	NA	NA	NA	NA	NA	NA	NA
BS_KYPMZZSY	7316-1708	Tumor	NA	NA	NA	p.K28M	0	1	0	0	0	p.R158G	0
BS_Q9NHTR7G	7316-1079	Tumor	NA	NA	NA	NA	NA	NA	NA	NA	NA	NA	NA
BS_HC4T1EEP	7316-257	Tumor	NA	NA	NA	NA	NA	NA	NA	NA	NA	NA	NA
BS_5WK2KXYW	7316-3890	Tumor	NA	NA	NA	NA	NA	NA	NA	NA	NA	NA	NA
BS_QMHND3QK	7316-122	Tumor	NA	NA	NA	NA	NA	NA	NA	NA	NA	NA	NA
BS_BMHYK93N	7316-280	Tumor	NA	NA	NA	NA	NA	NA	NA	NA	NA	NA	NA
BS_MAVSJH2Y	7316-2267	Tumor	NA	NA	NA	NA	NA	NA	NA	NA	NA	NA	NA
BS_4P25NNZD	7316-1942	Tumor	NA	NA	NA	NA	NA	NA	NA	NA	NA	NA	NA
BS_F8KR1QWE	7316-2178	Tumor	NA	NA	NA	NA	NA	0	0	0	1	0	0
BS_T5T21G7N	7316-944	Tumor	NA	NA	NA	NA	NA	NA	NA	NA	NA	NA	NA
BS_E7HEQZ1K	7316-350	Tumor	NA	NA	NA	NA	NA	NA	NA	NA	NA	NA	NA
BS_CPYV7AHD	7316-884	Tumor	NA	NA	NA	NA	NA	NA	NA	NA	NA	NA	NA
BS_80X7AVCP	7316-950	Tumor	NA	NA	NA	NA	NA	NA	NA	NA	NA	NA	NA
BS_5R0HHQ1Y	7316-2583	Tumor	NA	NA	NA	NA	NA	NA	NA	NA	NA	NA	NA
BS_1GK2EMFY	7316-3522	Tumor	NA	NA	NA	NA	NA	NA	NA	NA	NA	NA	NA
BS_KM878Y43	7316-152	Tumor	NA	NA	NA	NA	NA	NA	NA	NA	NA	NA	NA
BS_Z5VJCFNP	7316-2149	Tumor	NA	NA	NA	NA	NA	NA	NA	NA	NA	NA	NA
BS_K3Y06EKR	7316-3756	Tumor	NA	NA	NA	NA	NA	0	0	0	1	0	0
BS_1RF75MK2	7316-1114	Tumor	NA	NA	NA	NA	NA	NA	NA	NA	NA	NA	NA
BS_D59VEERR	7316-2691	Tumor	NA	NA	NA	NA	NA	NA	NA	NA	NA	NA	NA
BS_XBBBE8V2	7316-3556	Tumor	NA	NA	NA	NA	NA	NA	NA	NA	NA	NA	NA
BS_KCN7NG92	7316-1767	Tumor	NA	NA	NA	NA	NA	NA	NA	NA	NA	NA	NA
BS_154FP4ZQ	7316-1704	Tumor	NA	NA	NA	NA	NA	NA	NA	NA	NA	NA	NA
BS_P6NWC51S	7316-2860	Tumor	NA	NA	NA	NA	NA	NA	NA	NA	NA	NA	NA
BS_P8WN8XEQ	7316-1105	Tumor	NA	NA	NA	p.G35R	0	1	0	0	0	p.N311Kfs*24, p.S261Vfs*84	0
BS_9JVGXA2W	7316-1955	Tumor	NA	NA	NA	NA	NA	NA	NA	NA	NA	NA	NA
BS_0J5MCBZV	7316-304	Tumor	NA	NA	NA	NA	NA	NA	NA	NA	NA	NA	NA
BS_F7KYPE79	7316-1653	Tumor	NA	NA	NA	NA	NA	NA	NA	NA	NA	NA	NA
BS_VHD4ARSG	7316-474	Tumor	NA	NA	NA	NA	NA	NA	NA	NA	NA	NA	NA
BS_06GEF6DB	7316-2971	Tumor	NA	NA	NA	NA	NA	0	0	0	1	0	0
BS_2RX2NF1Q	7316-407	Tumor	NA	NA	NA	NA	NA	0	0	0	1	0	0
BS_3JE2T7AR	7316-746	Tumor	NA	NA	NA	NA	NA	0	0	0	1	0	0
BS_WDTT7PG2	7316-2753	Tumor	NA	NA	NA	NA	NA	1	0	0	0	p.Y236Hfs*8	0
BS_GRS3T427	7316-2988	Tumor	NA	NA	NA	NA	NA	NA	NA	NA	NA	NA	NA
BS_VTTTQYQA	7316-109	Tumor	NA	NA	NA	NA	NA	0	0	0	1	0	0
BS_B4DY7ET3	7316-2106	Tumor	NA	NA	NA	NA	NA	NA	NA	NA	NA	NA	NA
BS_FVPMPMRJ	7316-2079	Tumor	NA	NA	NA	NA	NA	0	0	1	0	0	0
BS_E0AAK0V0	7316-157	Tumor	NA	NA	NA	NA	NA	NA	NA	NA	NA	NA	NA
BS_9E6Q11G2	7316-470	Tumor	NA	NA	NA	NA	NA	NA	NA	NA	NA	NA	NA
BS_7F07M7JG	7316-378	Tumor	NA	NA	NA	NA	NA	NA	NA	NA	NA	NA	NA
BS_KYPZRS4S	7316-2755	Tumor	NA	NA	NA	NA	NA	NA	NA	NA	NA	NA	NA
BS_AFAHY6HP	7316-46	Tumor	NA	NA	p.K28M	NA	NA	1	0	0	0	p.T125R	0
BS_M1TDS9CT	7316-2672	Tumor	NA	NA	NA	NA	NA	NA	NA	NA	NA	NA	NA
BS_MFTAVQ5C	7316-2125	Tumor	NA	NA	NA	NA	NA	NA	NA	NA	NA	NA	NA
BS_6X3Z0AVR	7316-1643	Tumor	NA	NA	NA	NA	NA	NA	NA	NA	NA	NA	NA
BS_SK949N33	7316-134	Tumor	NA	NA	NA	NA	NA	NA	NA	NA	NA	NA	NA
BS_R1ZBTEAG	7316-2159	Tumor	NA	NA	NA	NA	NA	NA	NA	NA	NA	NA	NA
BS_859AV1DB	7316-1771	Tumor	NA	NA	NA	NA	NA	NA	NA	NA	NA	NA	NA
BS_XH5JP8DB	7316-681	Tumor	NA	NA	NA	NA	NA	NA	NA	NA	NA	NA	NA
BS_VQEPFE1P	7316-3073	Tumor	NA	NA	NA	NA	NA	NA	NA	NA	NA	NA	NA
BS_3AERRZQT	7316-329	Tumor	NA	NA	NA	NA	NA	NA	NA	NA	NA	NA	NA
BS_NCGGFG6H	7316-3923	Tumor	NA	NA	NA	NA	NA	NA	NA	NA	NA	NA	NA
BS_10AD3EFX	7316-375	Tumor	NA	NA	NA	NA	NA	NA	NA	NA	NA	NA	NA
BS_XEVMEYFS	7316-431	Tumor	NA	NA	NA	NA	NA	NA	NA	NA	NA	NA	NA
BS_ZJSMC22A	7316-2647	Tumor	NA	NA	NA	NA	NA	0	0	0	1	0	0
BS_XPSD2NRJ	7316-2782	Tumor	NA	NA	NA	NA	NA	NA	NA	NA	NA	NA	NA
BS_2W200YK5	7316-279	Tumor	NA	NA	NA	NA	NA	NA	NA	NA	NA	NA	NA
BS_FXDY881S	7316-2662	Tumor	NA	NA	NA	NA	NA	NA	NA	NA	NA	NA	NA
BS_8EB1S8MK	7316-2006	Tumor	NA	NA	NA	NA	NA	NA	NA	NA	NA	NA	NA
BS_EDCQ4M0R	7316-216	Tumor	NA	NA	NA	NA	NA	NA	NA	NA	NA	NA	NA
BS_TX2WGF8K	7316-223	Tumor	NA	NA	NA	NA	NA	NA	NA	NA	NA	NA	NA
BS_1VMBA3BN	7316-3555	Tumor	NA	NA	NA	NA	NA	NA	NA	NA	NA	NA	NA
BS_K6A9Z04J	7316-2134	Tumor	NA	NA	NA	NA	NA	NA	NA	NA	NA	NA	NA
BS_AQQY8HMR	7316-2183	Tumor	NA	NA	NA	NA	NA	NA	NA	NA	NA	NA	NA
BS_WCNPE0AC	7316-1778	Tumor	NA	NA	NA	NA	NA	NA	NA	NA	NA	NA	NA
BS_WQ19Z6MD	7316-207	Tumor	NA	NA	NA	NA	NA	NA	NA	NA	NA	NA	NA
BS_8BS10XE2	7316-3204	Tumor	NA	NA	NA	NA	NA	NA	NA	NA	NA	NA	NA
BS_WP2D11SK	7316-670	Tumor	NA	NA	NA	NA	NA	NA	NA	NA	NA	NA	NA
BS_PVYMDM18	7316-2309	Tumor	NA	NA	NA	NA	NA	0	0	0	1	0	0
BS_5TT6TT4K	7316-898	Tumor	NA	NA	NA	NA	NA	NA	NA	NA	NA	NA	NA
BS_2VB8649B	7316-2989	Tumor	NA	NA	NA	NA	NA	NA	NA	NA	NA	NA	NA
BS_PNXDHDF3	7316-263	Tumor	NA	NA	NA	NA	NA	NA	NA	NA	NA	NA	NA
BS_2E81A3FT	7316-2758	Tumor	NA	NA	NA	NA	NA	NA	NA	NA	NA	NA	NA
BS_NHMPQ8Q1	7316-4033	Tumor	NA	NA	NA	NA	NA	NA	NA	NA	NA	NA	NA
BS_5J5VH3X0	7316-4034	Tumor	NA	NA	NA	NA	NA	NA	NA	NA	NA	NA	NA
BS_6NPSZJ4C	7316-3069	Tumor	NA	NA	NA	NA	NA	NA	NA	NA	NA	NA	NA
BS_8W0FNBWF	7316-437	Tumor	NA	NA	NA	NA	NA	NA	NA	NA	NA	NA	NA
BS_GFS9JEE6	7316-3065	Tumor	NA	NA	NA	NA	NA	NA	NA	NA	NA	NA	NA
BS_32HAVF6S	7316-3154	Tumor	NA	NA	NA	NA	NA	NA	NA	NA	NA	NA	NA
BS_69VS8PS1	7316-3326	Tumor	NA	NA	NA	NA	NA	NA	NA	NA	NA	NA	NA
BS_9W6FK6X4	7316-2005	Tumor	NA	NA	NA	NA	NA	NA	NA	NA	NA	NA	NA
BS_79SYEHY3	7316-3022	Tumor	NA	NA	NA	NA	NA	1	0	0	0	p.Y236C	0
BS_96S0VQBN	7316-3303	Tumor	NA	NA	NA	NA	NA	1	0	0	0	p.Y236C	0
BS_7M7JNG00	7316-2990	Tumor	NA	NA	NA	NA	NA	0	0	0	1	0	0
BS_HN8DE43A	7316-2248	Tumor	NA	NA	NA	NA	NA	NA	NA	NA	NA	NA	NA
BS_H50HR85Y	7316-1845	Tumor	NA	NA	NA	NA	NA	NA	NA	NA	NA	NA	NA
BS_7BNQBB26	7316-1675	Tumor	NA	NA	NA	NA	NA	NA	NA	NA	NA	NA	NA
BS_B91XGSA5	7316-1765	Tumor	NA	NA	NA	NA	NA	NA	NA	NA	NA	NA	NA
BS_9BN45DFK	7316-1765	Tumor	NA	NA	NA	NA	NA	NA	NA	NA	NA	NA	NA
BS_YETTZ1NC	7316-349	Tumor	NA	NA	NA	NA	NA	0	0	1	0	0	0
BS_ZS1QRMXS	7316-3	Tumor	NA	NA	NA	NA	NA	NA	NA	NA	NA	NA	NA
BS_8SETK1J4	7316-322	Tumor	NA	NA	NA	NA	NA	NA	NA	NA	NA	NA	NA
BS_53TV75NN	7316-2187	Tumor	NA	NA	NA	NA	NA	NA	NA	NA	NA	NA	NA
BS_RHEBGZF8	7316-906	Tumor	NA	NA	NA	NA	NA	1	0	0	0	p.R248Q	0
BS_FJEBFQHG	7316-2216	Tumor	NA	NA	NA	NA	NA	NA	NA	NA	NA	NA	NA
BS_N8WXTFN4	7316-2203	Tumor	NA	NA	NA	NA	NA	NA	NA	NA	NA	NA	NA
BS_K89V7JNJ	7316-3132	Tumor	NA	NA	NA	NA	NA	NA	NA	NA	NA	NA	NA
BS_Q88059DJ	7316-2732	Tumor	NA	NA	NA	NA	NA	NA	NA	NA	NA	NA	NA
BS_SFZ3A07S	7316-100	Tumor	NA	NA	NA	NA	NA	NA	NA	NA	NA	NA	NA
BS_Z34PQDYT	7316-1103	Tumor	NA	NA	NA	NA	NA	NA	NA	NA	NA	NA	NA
BS_WSFB4SA2	7316-97	Tumor	NA	NA	NA	NA	NA	NA	NA	NA	NA	NA	NA
BS_Y43VC4VG	7316-1710	Tumor	NA	NA	NA	NA	NA	NA	NA	NA	NA	NA	NA
BS_5BMNK8SY	7316-14	Tumor	NA	NA	NA	NA	NA	NA	NA	NA	NA	NA	NA
BS_P0KQFXNC	7316-3504	Tumor	NA	NA	NA	NA	NA	NA	NA	NA	NA	NA	NA
BS_10HD18B8	7316-2779	Tumor	NA	NA	NA	NA	NA	NA	NA	NA	NA	NA	NA
BS_FHE6Z73G	7316-3060	Tumor	NA	NA	NA	NA	NA	NA	NA	NA	NA	NA	NA
BS_R8ZKDFWH	7316-966	Tumor	NA	NA	NA	NA	NA	NA	NA	NA	NA	NA	NA
BS_01Y5F4PN	7316-663	Tumor	NA	NA	NA	NA	NA	NA	NA	NA	NA	NA	NA
BS_WD7AQV83	7316-1957	Tumor	NA	NA	NA	NA	NA	NA	NA	NA	NA	NA	NA
BS_1135HC0V	7316-1674	Tumor	NA	NA	NA	NA	NA	NA	NA	NA	NA	NA	NA
BS_895FJ34T	7316-1681	Tumor	NA	NA	NA	NA	NA	NA	NA	NA	NA	NA	NA
BS_5D24XV4T	7316-1078	Tumor	NA	NA	NA	NA	NA	0	0	0	1	0	0
BS_5Z4XQC9X	7316-193	Tumor	NA	NA	NA	NA	NA	NA	NA	NA	NA	NA	NA
BS_EKR4NSNW	7316-3768	Tumor	NA	NA	NA	NA	NA	NA	NA	NA	NA	NA	NA
BS_5Y2Q63Y4	7316-1658	Tumor	NA	NA	NA	NA	NA	NA	NA	NA	NA	NA	NA
BS_R1RMKH1B	7316-202	Tumor	NA	NA	NA	NA	NA	NA	NA	NA	NA	NA	NA
BS_VXNT1TDB	7316-946	Tumor	NA	NA	NA	NA	NA	NA	NA	NA	NA	NA	NA
BS_E5B2YZJH	7316-80	Tumor	NA	NA	NA	NA	NA	NA	NA	NA	NA	NA	NA
BS_74A1TB03	7316-376	Tumor	NA	NA	NA	NA	NA	NA	NA	NA	NA	NA	NA
BS_ZP89F1JY	7316-370	Tumor	NA	NA	NA	NA	NA	NA	NA	NA	NA	NA	NA
BS_FNF1TCSW	7316-373	Tumor	NA	NA	NA	NA	NA	NA	NA	NA	NA	NA	NA
BS_5B6XZ7YP	7316-4062	Tumor	NA	NA	NA	NA	NA	NA	NA	NA	NA	NA	NA
BS_6F49F7WH	7316-3295	Tumor	NA	NA	NA	NA	NA	NA	NA	NA	NA	NA	NA
BS_FBJ516WW	7316-921	Tumor	NA	NA	NA	NA	NA	NA	NA	NA	NA	NA	NA
BS_9GN1QA3Q	7316-2935	Tumor	NA	NA	NA	NA	NA	NA	NA	NA	NA	NA	NA
BS_EQE19CB0	7316-666	Tumor	NA	NA	NA	NA	NA	NA	NA	NA	NA	NA	NA
BS_YBCQBCQC	7316-1116	Tumor	NA	NA	NA	NA	NA	NA	NA	NA	NA	NA	NA
BS_STNH7YSX	7316-158	Tumor	NA	NA	NA	p.G35R	0	1	0	0	0	p.C238W, p.P152L	0
BS_BVD7PWP5	7316-2668	Tumor	NA	NA	NA	NA	NA	NA	NA	NA	NA	NA	NA
BS_8D52JK1Q	7316-3148	Tumor	NA	NA	NA	NA	NA	NA	NA	NA	NA	NA	NA
BS_3ZMH8578	7316-487	Tumor	NA	NA	NA	NA	NA	NA	NA	NA	NA	NA	NA
BS_XGMXJKFX	7316-897	Tumor	NA	NA	NA	NA	NA	0	0	0	1	0	0
BS_YKQP4SBX	7316-1070	Tumor	NA	NA	NA	NA	NA	NA	NA	NA	NA	NA	NA
BS_T8C13KNH	7316-1795	Tumor	NA	NA	NA	NA	NA	NA	NA	NA	NA	NA	NA
BS_7HC4W4SA	7316-1086	Tumor	NA	NA	NA	NA	NA	1	0	0	0	p.H214R	0
BS_1YTHM07J	7316-325	Tumor	NA	NA	NA	NA	NA	NA	NA	NA	NA	NA	NA
BS_T1SNKF50	7316-2567	Tumor	NA	NA	NA	NA	NA	NA	NA	NA	NA	NA	NA
BS_SD28E0SC	7316-2075	Tumor	NA	NA	NA	NA	NA	NA	NA	NA	NA	NA	NA
BS_93B38HPS	7316-1636	Tumor	NA	NA	NA	NA	NA	NA	NA	NA	NA	NA	NA
BS_9M49SGAQ	7316-1952	Tumor	NA	NA	NA	NA	NA	NA	NA	NA	NA	NA	NA
BS_P99S85CY	7316-178	Tumor	NA	NA	NA	NA	NA	NA	NA	NA	NA	NA	NA
BS_F5V8CWXT	7316-2609	Tumor	NA	NA	NA	NA	NA	NA	NA	NA	NA	NA	NA
BS_D6XHKZDZ	7316-89	Tumor	NA	NA	NA	NA	NA	NA	NA	NA	NA	NA	NA
BS_CPZZR2R7	7316-725	Tumor	NA	NA	NA	NA	NA	NA	NA	NA	NA	NA	NA
BS_0DKPGQWD	7316-183	Tumor	NA	NA	NA	NA	NA	NA	NA	NA	NA	NA	NA
BS_SWHQ8FDW	7316-878	Tumor	NA	NA	NA	NA	NA	NA	NA	NA	NA	NA	NA
BS_A94A7EJ4	7316-1790	Tumor	NA	NA	NA	NA	NA	NA	NA	NA	NA	NA	NA
BS_R9V82BC1	7316-3622	Tumor	NA	NA	NA	NA	NA	NA	NA	NA	NA	NA	NA
BS_9QMVZ4C0	7316-952	Tumor	NA	NA	NA	NA	NA	NA	NA	NA	NA	NA	NA
BS_NEX92KQH	7316-148	Tumor	NA	NA	NA	NA	NA	NA	NA	NA	NA	NA	NA
BS_2HNHCSNB	7316-3919	Tumor	NA	NA	NA	NA	NA	NA	NA	NA	NA	NA	NA
BS_RZNNEX1Y	7316-345	Tumor	NA	NA	NA	NA	NA	NA	NA	NA	NA	NA	NA
BS_R7YMKNJN	7316-111	Tumor	NA	NA	NA	NA	NA	NA	NA	NA	NA	NA	NA
BS_19EJ85F8	7316-2090	Tumor	NA	NA	NA	NA	NA	NA	NA	NA	NA	NA	NA
BS_YXCVR90M	7316-459	Tumor	NA	NA	NA	NA	NA	NA	NA	NA	NA	NA	NA
BS_36HCZ3KW	7316-33	Tumor	NA	NA	NA	NA	NA	NA	NA	NA	NA	NA	NA
BS_0YVR8Q4E	7316-905	Tumor	NA	NA	NA	NA	NA	NA	NA	NA	NA	NA	NA
BS_872Q3FK2	7316-903	Tumor	NA	NA	NA	p.K28M	0	NA	NA	NA	NA	NA	NA
BS_1JMTTKMK	7316-38	Tumor	NA	NA	NA	NA	NA	0	0	0	1	0	0
BS_354DTKHE	7316-2673	Tumor	NA	NA	NA	NA	NA	NA	NA	NA	NA	NA	NA
BS_BBTT7DH4	7316-3312	Tumor	NA	NA	NA	NA	NA	NA	NA	NA	NA	NA	NA
BS_QRH793AV	7316-331	Tumor	NA	NA	NA	NA	NA	NA	NA	NA	NA	NA	NA
BS_X9PJ715R	7316-1794	Tumor	NA	NA	NA	NA	NA	NA	NA	NA	NA	NA	NA
BS_2P7MJGM7	7316-2144	Tumor	NA	NA	NA	NA	NA	NA	NA	NA	NA	NA	NA
BS_VVD8TJNE	7316-245	Tumor	NA	NA	NA	NA	NA	NA	NA	NA	NA	NA	NA
BS_SYWRCE3Z	7316-2084	Tumor	NA	NA	NA	NA	NA	NA	NA	NA	NA	NA	NA
BS_CGCNC41M	7316-1659	Tumor	NA	NA	NA	NA	NA	NA	NA	NA	NA	NA	NA
BS_HW4J7JM8	7316-77	Tumor	NA	NA	NA	NA	NA	NA	NA	NA	NA	NA	NA
BS_3BMGF6GN	7316-1656	Tumor	NA	NA	NA	NA	NA	1	0	0	0	p.R248L	0
BS_060QB7XB	7316-2208	Tumor	NA	NA	NA	NA	NA	NA	NA	NA	NA	NA	NA
BS_3C4YAMKJ	7316-2204	Tumor	NA	NA	NA	NA	NA	NA	NA	NA	NA	NA	NA
BS_928HWFFM	7316-2561	Tumor	NA	NA	NA	p.G35R	0	NA	NA	NA	NA	NA	NA
BS_9GSWPZ44	7316-393	Tumor	NA	NA	NA	NA	NA	NA	NA	NA	NA	NA	NA
BS_F5KRHGKC	7316-1785	Tumor	NA	NA	NA	NA	NA	NA	NA	NA	NA	NA	NA
BS_95RRF4NE	7316-361	Tumor	NA	NA	NA	NA	NA	NA	NA	NA	NA	NA	NA
BS_V3SC6NWH	7316-3017	Tumor	NA	NA	NA	NA	NA	NA	NA	NA	NA	NA	NA
BS_T8TCEBB1	7316-1651	Tumor	NA	NA	NA	NA	NA	1	0	0	0	p.R273H	0
BS_090GV72Q	7316-1983	Tumor	NA	NA	NA	NA	NA	NA	NA	NA	NA	NA	NA
BS_CQ8C6X4X	7316-3575	Tumor	NA	NA	NA	NA	NA	NA	NA	NA	NA	NA	NA
BS_Z9PKZ4RT	7316-2310	Tumor	NA	NA	NA	NA	NA	NA	NA	NA	NA	NA	NA
BS_C1RRDNF5	7316-2664	Tumor	NA	NA	NA	NA	NA	NA	NA	NA	NA	NA	NA
BS_M9YZK3SP	7316-172	Tumor	NA	NA	NA	NA	NA	NA	NA	NA	NA	NA	NA
BS_2CD1XWVP	7316-1111	Tumor	NA	NA	NA	NA	NA	NA	NA	NA	NA	NA	NA
BS_VF099E8S	7316-2153	Tumor	NA	NA	NA	NA	NA	NA	NA	NA	NA	NA	NA
BS_62XRDTM6	7316-429	Tumor	NA	NA	NA	NA	NA	NA	NA	NA	NA	NA	NA
BS_GWPJKM7G	7316-1968	Tumor	NA	NA	NA	NA	NA	NA	NA	NA	NA	NA	NA
BS_CXDKK6KS	7316-341	Tumor	NA	NA	NA	NA	NA	NA	NA	NA	NA	NA	NA
BS_H1MNXNHB	7316-3856	Tumor	NA	NA	NA	NA	NA	0	0	0	1	0	0
BS_1AZ8YJSH	7316-423	Tumor	NA	NA	NA	NA	NA	NA	NA	NA	NA	NA	NA
BS_Q50P97Y0	7316-1805	Tumor	NA	NA	NA	NA	NA	NA	NA	NA	NA	NA	NA
BS_3R0KN6Z4	7316-2729	Tumor	NA	NA	NA	NA	NA	NA	NA	NA	NA	NA	NA
BS_235QEYMQ	7316-154	Tumor	NA	NA	NA	NA	NA	NA	NA	NA	NA	NA	NA
BS_WH8KWW5J	7316-2576	Tumor	NA	NA	NA	NA	NA	NA	NA	NA	NA	NA	NA
BS_A1DV9T7G	7316-935	Tumor	NA	NA	NA	NA	NA	NA	NA	NA	NA	NA	NA
BS_6Y7FX7QJ	7316-91	Tumor	NA	NA	NA	NA	NA	NA	NA	NA	NA	NA	NA
BS_E9ATGWME	7316-2642	Tumor	NA	NA	NA	NA	NA	NA	NA	NA	NA	NA	NA
BS_2VHFP7M8	7316-1775	Tumor	NA	NA	NA	NA	NA	NA	NA	NA	NA	NA	NA
BS_KBPBCWA0	7316-1100	Tumor	NA	NA	NA	NA	NA	NA	NA	NA	NA	NA	NA
BS_KRYYDC2X	7316-1655	Tumor	NA	NA	NA	NA	NA	0	0	0	1	0	0
BS_B558FJXC	7316-324	Tumor	NA	NA	NA	NA	NA	NA	NA	NA	NA	NA	NA
BS_YEWX69X4	7316-1084	Tumor	NA	NA	NA	NA	NA	NA	NA	NA	NA	NA	NA
BS_9HDPJT21	7316-1668	Tumor	NA	NA	NA	NA	NA	NA	NA	NA	NA	NA	NA
BS_KB9GJDCS	7316-2858	Tumor	NA	NA	NA	NA	NA	NA	NA	NA	NA	NA	NA
BS_RB8VSEVG	7316-390	Tumor	NA	NA	NA	NA	NA	NA	NA	NA	NA	NA	NA
BS_F9ZTZ4YS	7316-1977	Tumor	NA	NA	NA	NA	NA	NA	NA	NA	NA	NA	NA
BS_YPCTK927	7316-2158	Tumor	NA	NA	NA	NA	NA	NA	NA	NA	NA	NA	NA
BS_ACE6QKVF	7316-1748	Tumor	NA	NA	NA	NA	NA	NA	NA	NA	NA	NA	NA
BS_DJEVCH34	7316-2155	Tumor	NA	NA	NA	NA	NA	0	0	0	1	0	0
BS_5NAKYS1S	7316-2589	Tumor	NA	NA	NA	NA	NA	NA	NA	NA	NA	NA	NA
BS_QQP17PDQ	7316-2069	Tumor	NA	NA	NA	NA	NA	NA	NA	NA	NA	NA	NA
BS_S791VC80	7316-2737	Tumor	NA	NA	NA	NA	NA	NA	NA	NA	NA	NA	NA
BS_RXSBJ929	7316-2091	Tumor	NA	NA	NA	NA	NA	NA	NA	NA	NA	NA	NA
BS_AGAW7M7W	7316-1808	Tumor	NA	NA	NA	NA	NA	NA	NA	NA	NA	NA	NA
BS_N2JD3VX6	7316-1077	Tumor	NA	NA	NA	NA	NA	NA	NA	NA	NA	NA	NA
BS_YH60H2FS	7316-1802	Tumor	NA	NA	NA	NA	NA	NA	NA	NA	NA	NA	NA
BS_M16CDR44	7316-3072	Tumor	NA	NA	NA	NA	NA	NA	NA	NA	NA	NA	NA
BS_MW6YMRBJ	7316-2245	Tumor	NA	NA	NA	NA	NA	NA	NA	NA	NA	NA	NA
BS_QSMFVHSB	7316-88	Tumor	NA	NA	NA	NA	NA	NA	NA	NA	NA	NA	NA
BS_PVZJCXS1	7316-489	Tumor	NA	NA	NA	NA	NA	NA	NA	NA	NA	NA	NA
BS_AGGH3QGS	7316-3751	Tumor	NA	NA	NA	NA	NA	NA	NA	NA	NA	NA	NA
BS_0S617SMM	7316-3922	Tumor	NA	NA	NA	NA	NA	NA	NA	NA	NA	NA	NA
BS_JSNJZERZ	7316-182	Tumor	NA	NA	NA	p.A115G	0	NA	NA	NA	NA	NA	NA
BS_ETTZM63Y	7316-2306	Tumor	NA	NA	NA	NA	NA	NA	NA	NA	NA	NA	NA
BS_Q0XBZP88	7316-2167	Tumor	NA	NA	NA	NA	NA	NA	NA	NA	NA	NA	NA
BS_WYF8NGSD	7316-1089	Tumor	NA	NA	NA	NA	NA	NA	NA	NA	NA	NA	NA
BS_12ZB7R6A	7316-41	Tumor	NA	NA	NA	NA	NA	NA	NA	NA	NA	NA	NA
BS_HPMX6CT4	7316-438	Tumor	NA	NA	NA	NA	NA	NA	NA	NA	NA	NA	NA
BS_QMG7XNEW	7316-1635	Tumor	NA	NA	NA	NA	NA	NA	NA	NA	NA	NA	NA
BS_MS87PMR7	7316-1072	Tumor	NA	NA	NA	NA	NA	NA	NA	NA	NA	NA	NA
BS_T5HPW4Z0	7316-3774	Tumor	NA	NA	NA	NA	NA	0	0	0	1	0	0
BS_N9N1X78X	7316-50	Tumor	NA	NA	NA	NA	NA	NA	NA	NA	NA	NA	NA
BS_42A66SH4	7316-2653	Tumor	NA	NA	NA	NA	NA	NA	NA	NA	NA	NA	NA
BS_0EN5R1AP	7316-1781	Tumor	NA	NA	NA	NA	NA	NA	NA	NA	NA	NA	NA
BS_XKE77TR4	7316-1071	Tumor	NA	NA	NA	NA	NA	NA	NA	NA	NA	NA	NA
BS_ZR75EKKX	7316-95	Tumor	NA	NA	NA	NA	NA	1	0	0	0	p.R175H	0
BS_WY5KYSHJ	7316-278	Tumor	NA	NA	NA	NA	NA	1	0	0	1	p.R175H	0
BS_1CZPVCXR	7316-333	Tumor	NA	NA	NA	NA	NA	1	0	0	0	p.R175H	0
BS_XKP747AS	7316-891	Tumor	NA	NA	NA	NA	NA	NA	NA	NA	NA	NA	NA
BS_71HPXFE7	7316-1115	Tumor	NA	NA	NA	NA	NA	NA	NA	NA	NA	NA	NA
BS_HNE6BPMH	7316-3892	Tumor	NA	NA	NA	NA	NA	NA	NA	NA	NA	NA	NA
BS_8YQGSMDK	7316-6	Tumor	NA	NA	NA	NA	NA	NA	NA	NA	NA	NA	NA
BS_XM302FF4	7316-2628	Tumor	NA	NA	NA	NA	NA	NA	NA	NA	NA	NA	NA
BS_E8MC6R2K	7316-2719	Tumor	NA	NA	NA	NA	NA	NA	NA	NA	NA	NA	NA
BS_6Z213H2V	7316-3066	Tumor	NA	NA	NA	NA	NA	1	0	0	0	p.R196*	0
BS_N8D9FH6M	7316-1134	Tumor	NA	NA	NA	NA	NA	NA	NA	NA	NA	NA	NA
BS_R3WB0PP7	7316-1766	Tumor	NA	NA	NA	NA	NA	NA	NA	NA	NA	NA	NA
BS_XWQTX5HH	7316-3336	Tumor	NA	NA	NA	NA	NA	NA	NA	NA	NA	NA	NA
BS_T54TAE3R	7316-133	Tumor	NA	NA	NA	NA	NA	NA	NA	NA	NA	NA	NA
BS_W74D279Q	7316-2959	Tumor	NA	NA	NA	NA	NA	NA	NA	NA	NA	NA	NA
BS_FF73TT6D	7316-929	Tumor	NA	NA	NA	NA	NA	NA	NA	NA	NA	NA	NA
BS_XVYRXN8J	7316-2669	Tumor	NA	NA	NA	NA	NA	NA	NA	NA	NA	NA	NA
BS_SKRY0BJ4	7316-2151	Tumor	NA	NA	NA	NA	NA	NA	NA	NA	NA	NA	NA
BS_TX8C5VAJ	7316-2151	Tumor	A	NA	NA	NA	NA	NA	NA	NA	NA	NA	NA
BS_PYVPKH11	7316-1650	Tumor	NA	NA	NA	NA	NA	NA	NA	NA	NA	NA	NA
BS_75VHXMZN	7316-873	Tumor	NA	NA	NA	NA	NA	NA	NA	NA	NA	NA	NA
BS_C9TNGEA0	7316-892	Tumor	NA	NA	NA	NA	NA	NA	NA	NA	NA	NA	NA
BS_HGP0PV0D	7316-1792	Tumor	NA	NA	NA	NA	NA	NA	NA	NA	NA	NA	NA
BS_VMZMGB7B	7316-877	Tumor	NA	NA	NA	NA	NA	NA	NA	NA	NA	NA	NA
BS_H1K33JVK	7316-2322	Tumor	NA	NA	NA	NA	NA	0	0	0	1	0	0
BS_BZWM455T	7316-3067	Tumor	NA	NA	NA	NA	NA	NA	NA	NA	NA	NA	NA
BS_AEMRNSQX	7316-3566	Tumor	NA	NA	NA	NA	NA	NA	NA	NA	NA	NA	NA
BS_JA3XXP1Y	7316-2147	Tumor	NA	NA	NA	NA	NA	NA	NA	NA	NA	NA	NA
BS_J037K4BM	7316-2193	Tumor	NA	NA	NA	NA	NA	NA	NA	NA	NA	NA	NA
BS_042DVDQM	7316-485	Tumor	NA	NA	NA	NA	NA	NA	NA	NA	NA	NA	NA
BS_RH9PMH3G	7316-493	Tumor	NA	NA	NA	NA	NA	NA	NA	NA	NA	NA	NA
BS_CXN0498B	7316-2139	Tumor	NA	NA	NA	NA	NA	NA	NA	NA	NA	NA	NA
BS_947CK40E	7316-2720	Tumor	NA	NA	NA	NA	NA	NA	NA	NA	NA	NA	NA
BS_XDY9BYRK	7316-205	Tumor	NA	NA	NA	NA	NA	NA	NA	NA	NA	NA	NA
BS_MRX1SPFB	7316-104	Tumor	NA	NA	NA	NA	NA	NA	NA	NA	NA	NA	NA
BS_T9T3R2J0	7316-3488	Tumor	NA	NA	NA	NA	NA	NA	NA	NA	NA	NA	NA
BS_PEFRDKDZ	7316-3139	Tumor	NA	NA	NA	NA	NA	NA	NA	NA	NA	NA	NA
BS_KAD49R68	7316-3521	Tumor	NA	NA	NA	p.K28M	0	NA	NA	NA	NA	NA	NA
BS_BSM3ZHW4	7316-1642	Tumor	NA	NA	NA	NA	NA	NA	NA	NA	NA	NA	NA
BS_WXKCR17Q	7316-168	Tumor	NA	NA	NA	NA	NA	NA	NA	NA	NA	NA	NA
BS_D3ZV6MMY	7316-3936	Tumor	NA	NA	NA	NA	NA	NA	NA	NA	NA	NA	NA
BS_W6B48DD5	7316-1750	Tumor	NA	NA	NA	NA	NA	NA	NA	NA	NA	NA	NA
BS_16TBX6G5	7316-3062	Tumor	NA	NA	NA	NA	NA	NA	NA	NA	NA	NA	NA
BS_YMDPFK0V	7316-1803	Tumor	NA	NA	NA	NA	NA	NA	NA	NA	NA	NA	NA
BS_PFXDWV9R	7316-2287	Tumor	NA	NA	NA	NA	NA	0	0	0	1	0	0
BS_922YMFYK	7316-3558	Tumor	NA	NA	NA	NA	NA	NA	NA	NA	NA	NA	NA
BS_32VQRFDS	7316-879	Tumor	NA	NA	NA	NA	NA	NA	NA	NA	NA	NA	NA
BS_007JTNB8	7316-2558	Tumor	NA	NA	NA	NA	NA	NA	NA	NA	NA	NA	NA
BS_3A0CJMRH	7316-1087	Tumor	NA	NA	NA	NA	NA	NA	NA	NA	NA	NA	NA
BS_ZPF89720	7316-2180	Tumor	NA	NA	NA	NA	NA	NA	NA	NA	NA	NA	NA
BS_A70G7S2W	7316-225	Tumor	NA	NA	NA	NA	NA	NA	NA	NA	NA	NA	NA
BS_FYJMNRGK	7316-2268	Tumor	NA	NA	NA	NA	NA	NA	NA	NA	NA	NA	NA
BS_FQ2ZBMPA	7316-495	Tumor	NA	NA	NA	NA	NA	NA	NA	NA	NA	NA	NA
BS_M4E4H6NG	7316-2288	Tumor	NA	NA	NA	NA	NA	NA	NA	NA	NA	NA	NA
BS_HYGK88B0	7316-323	Tumor	NA	NA	NA	NA	NA	NA	NA	NA	NA	NA	NA
BS_3CG2N4PD	7316-1772	Tumor	NA	NA	NA	NA	NA	1	0	0	1	p.A138T	0
BS_HZNKSQ17	7316-883	Tumor	NA	NA	NA	NA	NA	0	0	0	1	0	0
BS_M1YHV93N	7316-3149	Tumor	NA	NA	NA	NA	NA	NA	NA	NA	NA	NA	NA
BS_KH0NFCWF	7316-3068	Tumor	NA	NA	NA	NA	NA	NA	NA	NA	NA	NA	NA
BS_ZJT1REVB	7316-2671	Tumor	NA	NA	NA	NA	NA	NA	NA	NA	NA	NA	NA
BS_8Q8CAY84	7316-498	Tumor	NA	NA	NA	NA	NA	NA	NA	NA	NA	NA	NA
BS_JM979K1M	7316-2608	Tumor	NA	NA	NA	NA	NA	NA	NA	NA	NA	NA	NA
BS_QMY84KF4	7316-490	Tumor	NA	NA	NA	NA	NA	NA	NA	NA	NA	NA	NA
BS_B4P1NP87	7316-198	Tumor	NA	NA	NA	NA	NA	NA	NA	NA	NA	NA	NA
BS_MHT5C2AP	7316-73	Tumor	NA	NA	NA	NA	NA	NA	NA	NA	NA	NA	NA
BS_47X3VAM0	7316-1083	Tumor	NA	NA	NA	NA	NA	0	0	0	1	0	0
BS_BNFCXVYZ	7316-186	Tumor	NA	NA	NA	NA	NA	NA	NA	NA	NA	NA	NA
BS_YVFFHJ1Q	7316-147	Tumor	NA	NA	NA	NA	NA	NA	NA	NA	NA	NA	NA
BS_6KEYD1S4	7316-3152	Tumor	NA	NA	NA	NA	NA	NA	NA	NA	NA	NA	NA
BS_6XHDR1WS	7316-1652	Tumor	NA	NA	NA	NA	NA	NA	NA	NA	NA	NA	NA
BS_E9M7TDB6	7316-3074	Tumor	NA	NA	NA	NA	NA	NA	NA	NA	NA	NA	NA
BS_40SJZGT2	7316-2215	Tumor	NA	NA	NA	NA	NA	NA	NA	NA	NA	NA	NA
BS_185Q218S	7316-1669	Tumor	NA	NA	NA	NA	NA	NA	NA	NA	NA	NA	NA
BS_NASADC3P	7316-1463	Tumor	NA	NA	NA	NA	NA	NA	NA	NA	NA	NA	NA
BS_KH3859M5	7316-1463	Tumor	NA	NA	NA	NA	NA	NA	NA	NA	NA	NA	NA
BS_GTAJFTTR	7316-386	Tumor	NA	NA	NA	NA	NA	NA	NA	NA	NA	NA	NA
BS_NFT9VHMJ	7316-3857	Tumor	NA	NA	NA	NA	NA	NA	NA	NA	NA	NA	NA
BS_5KFAEMQJ	7316-4028	Tumor	NA	NA	NA	NA	NA	0	0	0	1	0	0
BS_F0GNWEJJ	7316-3311	Tumor	NA	NA	NA	NA	NA	NA	NA	NA	NA	NA	NA
BS_AHT9PKVE	7316-1981	Tumor	NA	NA	NA	NA	NA	NA	NA	NA	NA	NA	NA
BS_K3YT05M7	7316-3054	Tumor	NA	NA	NA	NA	NA	NA	NA	NA	NA	NA	NA
BS_RCAZ62J7	7316-894	Tumor	NA	NA	NA	NA	NA	NA	NA	NA	NA	NA	NA
BS_4GKH983E	7316-2285	Tumor	NA	NA	NA	NA	NA	NA	NA	NA	NA	NA	NA
BS_8BM1WTGR	7316-3574	Tumor	NA	NA	NA	NA	NA	NA	NA	NA	NA	NA	NA
BS_6GTKRGNK	7316-3917	Tumor	NA	NA	NA	NA	NA	NA	NA	NA	NA	NA	NA
BS_9ZFXXJPK	7316-2156	Tumor	NA	NA	NA	NA	NA	NA	NA	NA	NA	NA	NA
BS_S88G7BXH	7316-217	Tumor	NA	NA	NA	NA	NA	NA	NA	NA	NA	NA	NA
BS_W9FW1PAE	7316-2667	Tumor	NA	NA	NA	NA	NA	NA	NA	NA	NA	NA	NA
BS_YH4DYNQ2	7316-264	Tumor	NA	NA	NA	NA	NA	NA	NA	NA	NA	NA	NA
BS_3P96RT4E	7316-3019	Tumor	NA	NA	NA	NA	NA	NA	NA	NA	NA	NA	NA
BS_KYG3H6C6	7316-2172	Tumor	NA	NA	NA	NA	NA	NA	NA	NA	NA	NA	NA
BS_47454JJ6	7316-247	Tumor	NA	NA	NA	NA	NA	NA	NA	NA	NA	NA	NA
BS_3NX3RBCX	7316-114	Tumor	NA	NA	NA	NA	NA	0	0	0	1	0	0
BS_32JF8TPP	7316-462	Tumor	NA	NA	NA	NA	NA	NA	NA	NA	NA	NA	NA
BS_XHAQXDR0	7316-368	Tumor	NA	NA	NA	NA	NA	NA	NA	NA	NA	NA	NA
BS_EHBH0NYX	7316-1776	Tumor	NA	NA	NA	NA	NA	NA	NA	NA	NA	NA	NA
BS_JQNF0FQP	7316-120	Tumor	NA	NA	NA	NA	NA	NA	NA	NA	NA	NA	NA
BS_K049HVGR	7316-70	Tumor	NA	NA	NA	NA	NA	NA	NA	NA	NA	NA	NA
BS_G61CN2V0	7316-1783	Tumor	NA	NA	NA	NA	NA	NA	NA	NA	NA	NA	NA
BS_KAZENYZE	7316-922	Tumor	NA	NA	NA	NA	NA	NA	NA	NA	NA	NA	NA
BS_4QFSH7C4	7316-399	Tumor	NA	NA	NA	NA	NA	1	0	0	1	p.V157D	0
BS_ZJZFT0AJ	7316-2962	Tumor	NA	NA	NA	NA	NA	NA	NA	NA	NA	NA	NA
BS_GAA327FP	7316-3491	Tumor	NA	NA	NA	NA	NA	NA	NA	NA	NA	NA	NA
BS_164KRQJ0	7316-1670	Tumor	NA	NA	NA	NA	NA	NA	NA	NA	NA	NA	NA
BS_KXGJ1HMG	7316-870	Tumor	NA	NA	NA	NA	NA	NA	NA	NA	NA	NA	NA
BS_HM5N78GV	7316-1093	Tumor	NA	NA	NA	NA	NA	NA	NA	NA	NA	NA	NA
BS_Z9NCH2XA	7316-871	Tumor	NA	NA	NA	NA	NA	NA	NA	NA	NA	NA	NA
BS_JJWC13GG	7316-2174	Tumor	NA	NA	NA	NA	NA	NA	NA	NA	NA	NA	NA
BS_J52D4XQY	7316-128	Tumor	NA	NA	NA	NA	NA	NA	NA	NA	NA	NA	NA
BS_MWZCP1XW	7316-956	Tumor	NA	NA	NA	NA	NA	1	0	0	1	p.R273C	0
BS_8TFBNHT0	7316-2897	Tumor	NA	NA	NA	NA	NA	NA	NA	NA	NA	NA	NA
BS_RA0VCMWC	7316-917	Tumor	NA	NA	NA	NA	NA	NA	NA	NA	NA	NA	NA
BS_J33YVP27	7316-2109	Tumor	NA	NA	NA	NA	NA	NA	NA	NA	NA	NA	NA
BS_PEDGRK8S	7316-9	Tumor	NA	NA	NA	NA	NA	NA	NA	NA	NA	NA	NA
BS_N0Z6V2YG	7316-875	Tumor	NA	NA	NA	NA	NA	NA	NA	NA	NA	NA	NA
BS_S34SCYW4	7316-2626	Tumor	NA	NA	NA	NA	NA	NA	NA	NA	NA	NA	NA
BS_ERMGD2N5	7316-2154	Tumor	NA	NA	NA	NA	NA	NA	NA	NA	NA	NA	NA
BS_DW1CYEXP	7316-173	Tumor	NA	NA	NA	NA	NA	NA	NA	NA	NA	NA	NA
BS_PMFR8NPN	7316-1751	Tumor	NA	NA	NA	NA	NA	NA	NA	NA	NA	NA	NA
BS_5JC116NM	7316-3023	Tumor	NA	NA	NA	NA	NA	1	0	0	1	p.R213*	0
BS_2J4FG4HV	7316-931	Tumor	NA	NA	NA	NA	NA	1	0	0	1	p.R213*	0
BS_A9S5HT6P	7316-1069	Tumor	NA	NA	NA	NA	NA	NA	NA	NA	NA	NA	NA
BS_DVQYQSVW	7316-3138	Tumor	NA	NA	NA	NA	NA	NA	NA	NA	NA	NA	NA
BS_SDT1J3A7	7316-395	Tumor	NA	NA	NA	NA	NA	NA	NA	NA	NA	NA	NA
BS_Z1BBZ01F	7316-356	Tumor	NA	NA	NA	NA	NA	NA	NA	NA	NA	NA	NA
BS_K14VJ1E3	7316-226	Tumor	NA	NA	NA	NA	NA	NA	NA	NA	NA	NA	NA
BS_KJTW1RBN	7316-3844	Tumor	NA	NA	NA	NA	NA	NA	NA	NA	NA	NA	NA
BS_6TMPZKSZ	7316-3689	Tumor	NA	NA	NA	NA	NA	NA	NA	NA	NA	NA	NA
BS_QSDKJM8T	7316-3891	Tumor	NA	NA	NA	NA	NA	NA	NA	NA	NA	NA	NA
BS_1S2BHJ8K	7316-2699	Tumor	NA	NA	NA	NA	NA	NA	NA	NA	NA	NA	NA
BS_9NF39QAW	7316-1760	Tumor	NA	NA	NA	NA	NA	NA	NA	NA	NA	NA	NA
BS_JHGFJR3D	7316-136	Tumor	NA	NA	NA	NA	NA	NA	NA	NA	NA	NA	NA
BS_9GJHMA3J	7316-1969	Tumor	NA	NA	NA	NA	NA	NA	NA	NA	NA	NA	NA
BS_9R82A3VT	7316-4	Tumor	NA	NA	NA	NA	NA	NA	NA	NA	NA	NA	NA
BS_N4B3WB8W	7316-2107	Tumor	NA	NA	NA	NA	NA	NA	NA	NA	NA	NA	NA
BS_B73JK7T1	7316-505	Tumor	NA	NA	NA	NA	NA	NA	NA	NA	NA	NA	NA
BS_NWYBD9CA	7316-2313	Tumor	NA	NA	NA	NA	NA	NA	NA	NA	NA	NA	NA
BS_P36C0ABE	7316-733	Tumor	NA	NA	NA	NA	NA	NA	NA	NA	NA	NA	NA
BS_C3KDA5ZC	7316-2856	Tumor	NA	NA	NA	NA	NA	NA	NA	NA	NA	NA	NA
BS_GKN0B47F	7316-475	Tumor	NA	NA	NA	NA	NA	NA	NA	NA	NA	NA	NA
BS_P3KD5EQG	7316-2566	Tumor	NA	NA	NA	NA	NA	NA	NA	NA	NA	NA	NA
BS_V6HKXX1Z	7316-221	Tumor	NA	NA	NA	NA	NA	NA	NA	NA	NA	NA	NA
BS_AJFG2QDD	7316-949	Tumor	NA	NA	NA	NA	NA	NA	NA	NA	NA	NA	NA
BS_MCM78YPC	7316-1456	Tumor	NA	NA	NA	NA	NA	NA	NA	NA	NA	NA	NA
BS_0XR7GYAV	7316-2972	Tumor	NA	NA	NA	NA	NA	NA	NA	NA	NA	NA	NA
BS_9BGCH82S	7316-3064	Tumor	NA	NA	NA	NA	NA	NA	NA	NA	NA	NA	NA
BS_0J5GC803	7316-96	Tumor	NA	NA	NA	NA	NA	NA	NA	NA	NA	NA	NA
BS_NG0CR0EP	7316-2228	Tumor	NA	NA	NA	NA	NA	NA	NA	NA	NA	NA	NA
BS_J5J0EA7Y	7316-1745	Tumor	NA	NA	NA	NA	NA	NA	NA	NA	NA	NA	NA
BS_PZDTK87A	7316-123	Tumor	NA	NA	NA	NA	NA	NA	NA	NA	NA	NA	NA
BS_X6361T19	7316-2191	Tumor	NA	NA	NA	NA	NA	NA	NA	NA	NA	NA	NA
BS_K07KNTFY	7316-272	Tumor	NA	NA	NA	NA	NA	NA	NA	NA	NA	NA	NA
BS_AQMKA8NC	7316-2577	Tumor	NA	NA	NA	NA	NA	NA	NA	NA	NA	NA	NA
BS_AJ0T7DJ7	7316-882	Tumor	NA	NA	NA	NA	NA	NA	NA	NA	NA	NA	NA
BS_NB509KST	7316-2571	Tumor	NA	NA	NA	NA	NA	NA	NA	NA	NA	NA	NA
BS_G12HNXYX	7316-219	Tumor	NA	NA	NA	NA	NA	NA	NA	NA	NA	NA	NA
BS_3ZASRA3A	7316-1862	Tumor	NA	NA	NA	NA	NA	NA	NA	NA	NA	NA	NA
BS_3QDRWJCF	7316-441	Tumor	NA	NA	NA	NA	NA	NA	NA	NA	NA	NA	NA
BS_0Q8G4N8H	7316-197	Tumor	NA	NA	NA	NA	NA	NA	NA	NA	NA	NA	NA
BS_9G7ETYHR	7316-1680	Tumor	NA	NA	NA	NA	NA	NA	NA	NA	NA	NA	NA
BS_DAEM3WRX	7316-29	Tumor	NA	NA	NA	NA	NA	NA	NA	NA	NA	NA	NA
BS_5S8VXASX	7316-30	Tumor	NA	NA	NA	NA	NA	NA	NA	NA	NA	NA	NA
BS_23ZE42Q3	7316-3206	Tumor	NA	NA	NA	p.K28M	0	1	0	0	0	p.I255F	0
BS_M28HG0NT	7316-2092	Tumor	NA	NA	NA	NA	NA	1	0	0	0	p.R342Vfs*10	0
BS_RG6JK7ZN	7316-2100	Tumor	NA	NA	NA	NA	NA	1	0	0	0	p.R342Vfs*10	0
BS_NYVVN7SD	7316-1890	Tumor	NA	NA	NA	NA	NA	1	0	0	0	p.R342Vfs*10	0
BS_R94EDP5H	7316-502	Tumor	NA	NA	NA	NA	NA	NA	NA	NA	NA	NA	NA
BS_JBY9S5D4	7316-1637	Tumor	NA	NA	NA	NA	NA	NA	NA	NA	NA	NA	NA
BS_30W38X77	7316-2581	Tumor	NA	NA	NA	NA	NA	NA	NA	NA	NA	NA	NA
BS_9X9E86DY	7316-3629	Tumor	NA	NA	NA	NA	NA	NA	NA	NA	NA	NA	NA
BS_FHFVCQ41	7316-1958	Tumor	NA	NA	NA	NA	NA	NA	NA	NA	NA	NA	NA
BS_M2MSWKBC	7316-1948	Tumor	NA	NA	NA	NA	NA	NA	NA	NA	NA	NA	NA
BS_PDRNE606	7316-1677	Tumor	NA	NA	NA	NA	NA	NA	NA	NA	NA	NA	NA
BS_ZZJF26C4	7316-384	Tumor	NA	NA	NA	NA	NA	NA	NA	NA	NA	NA	NA
BS_F48RA7QF	7316-3040	Tumor	NA	NA	NA	NA	NA	NA	NA	NA	NA	NA	NA
BS_FJEZ3ASV	7316-913	Tumor	S	NA	NA	NA	NA	NA	NA	NA	NA	NA	NA
BS_PKZ1HWNB	7316-913	Tumor	A	NA	NA	NA	NA	NA	NA	NA	NA	NA	NA
BS_742CDKAS	7316-913	Tumor	NA	NA	NA	NA	NA	NA	NA	NA	NA	NA	NA
BS_BS5X4H0Y	7316-2670	Tumor	NA	NA	NA	NA	NA	NA	NA	NA	NA	NA	NA
BS_VQC2PE2B	7316-1226	Tumor	NA	NA	NA	NA	NA	NA	NA	NA	NA	NA	NA
BS_JJZPY3BG	7316-146	Tumor	NA	NA	NA	NA	NA	NA	NA	NA	NA	NA	NA
BS_8JFMP1T1	7316-1749	Tumor	NA	NA	NA	NA	NA	NA	NA	NA	NA	NA	NA
BS_9KDA3HG6	7316-525	Tumor	NA	NA	NA	NA	NA	NA	NA	NA	NA	NA	NA
BS_9CMJ3QF6	7316-135	Tumor	NA	NA	NA	NA	NA	NA	NA	NA	NA	NA	NA
BS_DC7XYYG8	7316-936	Tumor	NA	NA	NA	NA	NA	NA	NA	NA	NA	NA	NA
BS_Q3ANJDVG	7316-896	Tumor	NA	NA	NA	NA	NA	NA	NA	NA	NA	NA	NA
BS_2CQ6K2JW	7316-391	Tumor	NA	NA	NA	NA	NA	NA	NA	NA	NA	NA	NA
BS_ME97J1GA	7316-2744	Tumor	NA	NA	NA	NA	NA	NA	NA	NA	NA	NA	NA
BS_2F70R10Z	7316-472	Tumor	NA	NA	NA	NA	NA	NA	NA	NA	NA	NA	NA
BS_D2BZ25FW	7316-3169	Tumor	NA	NA	NA	NA	NA	NA	NA	NA	NA	NA	NA
BS_W9P0PFDH	7316-677	Tumor	NA	NA	NA	NA	NA	NA	NA	NA	NA	NA	NA
BS_7RQCH5Y7	7316-455	Tumor	NA	NA	NA	NA	NA	NA	NA	NA	NA	NA	NA
BS_10V9SAG8	7316-153	Tumor	NA	NA	NA	NA	NA	NA	NA	NA	NA	NA	NA
BS_MZB884N9	7316-2622	Tumor	NA	NA	NA	NA	NA	NA	NA	NA	NA	NA	NA
BS_ABENB1H2	7316-2197	Tumor	NA	NA	NA	NA	NA	NA	NA	NA	NA	NA	NA
BS_FNM4BB83	7316-364	Tumor	NA	NA	NA	NA	NA	NA	NA	NA	NA	NA	NA
BS_KPWRDRFP	7316-458	Tumor	NA	NA	NA	NA	NA	NA	NA	NA	NA	NA	NA
BS_QXZTRMWM	7316-3627	Tumor	NA	NA	NA	NA	NA	NA	NA	NA	NA	NA	NA
BS_MZJJRDZF	7316-3203	Tumor	NA	NA	NA	NA	NA	NA	NA	NA	NA	NA	NA
BS_F969DNHD	7316-32	Tumor	NA	NA	NA	NA	NA	NA	NA	NA	NA	NA	NA
BS_CFPWSZB5	7316-3893	Tumor	NA	NA	NA	NA	NA	NA	NA	NA	NA	NA	NA
BS_KSRYKCDE	7316-2754	Tumor	NA	NA	NA	NA	NA	NA	NA	NA	NA	NA	NA
BS_W3R2DQ86	7316-521	Tumor	NA	NA	NA	NA	NA	1	0	0	0	p.P278L	0
BS_FVYBGMG1	7316-1676	Tumor	NA	NA	NA	NA	NA	1	0	0	0	p.R213Dfs*34, p.T211N	0
BS_H174820R	7316-1666	Tumor	NA	NA	NA	NA	NA	NA	NA	NA	NA	NA	NA
BS_4PAE19ZC	7316-889	Tumor	NA	NA	NA	NA	NA	NA	NA	NA	NA	NA	NA
BS_JNS7Q60A	7316-1986	Tumor	NA	NA	NA	NA	NA	NA	NA	NA	NA	NA	NA
BS_4RS1SC48	7316-101	Tumor	NA	NA	NA	NA	NA	NA	NA	NA	NA	NA	NA
BS_55N7KFHW	7316-2138	Tumor	NA	NA	NA	NA	NA	NA	NA	NA	NA	NA	NA
BS_9HEMB7RK	7316-230	Tumor	NA	NA	NA	NA	NA	NA	NA	NA	NA	NA	NA
BS_3Y44RJXS	7316-893	Tumor	NA	NA	NA	NA	NA	NA	NA	NA	NA	NA	NA
BS_4DTX295Z	7316-3345	Tumor	NA	NA	NA	NA	NA	1	0	0	0	p.E68Lfs*53, p.P67A	0
BS_6X2BQQGE	7316-319	Tumor	NA	NA	NA	NA	NA	1	0	0	0	p.E68Lfs*53, p.P67A	0
BS_SFH8TGKT	7316-747	Tumor	NA	NA	NA	NA	NA	NA	NA	NA	NA	NA	NA
BS_NMJPX8VQ	7316-3571	Tumor	NA	NA	NA	NA	NA	NA	NA	NA	NA	NA	NA
BS_KVYCH9PB	7316-2809	Tumor	NA	NA	NA	NA	NA	NA	NA	NA	NA	NA	NA
BS_JSMAT49K	7316-642	Tumor	NA	NA	NA	NA	NA	NA	NA	NA	NA	NA	NA
BS_QE7WAAKC	7316-2237	Tumor	NA	NA	NA	NA	NA	1	0	0	0	p.C242_G245del	0
BS_DT92H1MJ	7316-397	Tumor	NA	NA	NA	NA	NA	NA	NA	NA	NA	NA	NA
BS_0ZR4XA69	7316-1855	Tumor	NA	NA	NA	NA	NA	NA	NA	NA	NA	NA	NA
BS_94AP61Q5	7316-321	Tumor	NA	NA	NA	NA	NA	NA	NA	NA	NA	NA	NA
BS_5RD8KEED	7316-2202	Tumor	NA	NA	NA	NA	NA	NA	NA	NA	NA	NA	NA
BS_BBHFKBE7	7316-1641	Tumor	NA	NA	NA	NA	NA	NA	NA	NA	NA	NA	NA
BS_0RF0G9SQ	7316-314	Tumor	NA	NA	NA	NA	NA	NA	NA	NA	NA	NA	NA
BS_376Q9QKG	7316-1786	Tumor	NA	NA	NA	NA	NA	NA	NA	NA	NA	NA	NA
BS_0XD58YD9	7316-35	Tumor	NA	NA	NA	NA	NA	NA	NA	NA	NA	NA	NA
BS_NS8G0465	7316-948	Tumor	NA	NA	NA	NA	NA	NA	NA	NA	NA	NA	NA
BS_N9BF56FP	7316-2724	Tumor	NA	NA	NA	NA	NA	NA	NA	NA	NA	NA	NA
BS_JC8YV5V9	7316-464	Tumor	NA	NA	NA	NA	NA	NA	NA	NA	NA	NA	NA
BS_DMBNB0EP	7316-1082	Tumor	NA	NA	NA	NA	NA	NA	NA	NA	NA	NA	NA
BS_JTBM5TSE	7316-3632	Tumor	NA	NA	NA	NA	NA	NA	NA	NA	NA	NA	NA
BS_HQFNQHVW	7316-1706	Tumor	NA	NA	NA	NA	NA	NA	NA	NA	NA	NA	NA
BS_6SA5B35V	7316-1782	Tumor	NA	NA	NA	NA	NA	NA	NA	NA	NA	NA	NA
BS_01DQH017	7316-3299	Tumor	NA	NA	NA	NA	NA	NA	NA	NA	NA	NA	NA
BS_D09VWF8H	7316-184	Tumor	NA	NA	NA	NA	NA	NA	NA	NA	NA	NA	NA
BS_4XPPZTGG	7316-188	Tumor	NA	NA	NA	NA	NA	NA	NA	NA	NA	NA	NA
BS_ARE4EM81	7316-1660	Tumor	NA	NA	NA	NA	NA	NA	NA	NA	NA	NA	NA
BS_B6K0N6HS	7316-2135	Tumor	NA	NA	NA	NA	NA	NA	NA	NA	NA	NA	NA
BS_2NN6ME5A	7316-1661	Tumor	NA	NA	NA	NA	NA	NA	NA	NA	NA	NA	NA
BS_HBAKYKQM	7316-2278	Tumor	NA	NA	NA	NA	NA	NA	NA	NA	NA	NA	NA
BS_ZX1YPQ88	7316-380	Tumor	NA	NA	NA	NA	NA	NA	NA	NA	NA	NA	NA
BS_2SG8JNMB	7316-1109	Tumor	NA	NA	NA	NA	NA	NA	NA	NA	NA	NA	NA
BS_FWCKP4X1	7316-1075	Tumor	NA	NA	NA	NA	NA	NA	NA	NA	NA	NA	NA
BS_BAVWP5JG	7316-727	Tumor	NA	NA	NA	NA	NA	NA	NA	NA	NA	NA	NA
BS_NDSWS9TS	7316-2181	Tumor	NA	NA	NA	NA	NA	NA	NA	NA	NA	NA	NA
BS_49JD1V3S	7316-1963	Tumor	NA	NA	NA	NA	NA	NA	NA	NA	NA	NA	NA
BS_VDSR4X6N	7316-2300	Tumor	NA	NA	NA	NA	NA	NA	NA	NA	NA	NA	NA
BS_BD4RQ1G0	7316-1987	Tumor	NA	NA	NA	NA	NA	NA	NA	NA	NA	NA	NA
BS_2JDVY4F7	7316-3554	Tumor	NA	NA	NA	NA	NA	NA	NA	NA	NA	NA	NA
BS_S7S6YEHA	7316-166	Tumor	NA	NA	NA	NA	NA	NA	NA	NA	NA	NA	NA
BS_C6NB914B	7316-2166	Tumor	NA	NA	NA	NA	NA	NA	NA	NA	NA	NA	NA
BS_5XZP7F4Q	7316-2590	Tumor	NA	NA	NA	NA	NA	NA	NA	NA	NA	NA	NA
BS_1RFBH1SP	7316-10	Tumor	NA	NA	NA	NA	NA	NA	NA	NA	NA	NA	NA
BS_EXTEGB51	7316-2665	Tumor	NA	NA	NA	NA	NA	NA	NA	NA	NA	NA	NA
BS_AQECMDPP	7316-480	Tumor	NA	NA	NA	NA	NA	NA	NA	NA	NA	NA	NA
BS_YYAPSA5P	7316-179	Tumor	NA	NA	NA	NA	NA	NA	NA	NA	NA	NA	NA
BS_8B1YF57H	7316-1866	Tumor	NA	NA	NA	NA	NA	NA	NA	NA	NA	NA	NA
BS_3DYRAZE7	7316-1081	Tumor	NA	NA	NA	NA	NA	NA	NA	NA	NA	NA	NA
BS_0W8AWY10	7316-1944	Tumor	NA	NA	NA	NA	NA	NA	NA	NA	NA	NA	NA
BS_GDPZN3SD	7316-332	Tumor	NA	NA	NA	NA	NA	NA	NA	NA	NA	NA	NA
BS_11322HD1	7316-915	Tumor	NA	NA	NA	NA	NA	NA	NA	NA	NA	NA	NA
BS_QC5FNXGH	7316-499	Tumor	NA	NA	NA	NA	NA	NA	NA	NA	NA	NA	NA
BS_HTGDSPQA	7316-389	Tumor	NA	NA	NA	NA	NA	NA	NA	NA	NA	NA	NA
BS_KV3XF9WV	7316-209	Tumor	NA	NA	NA	NA	NA	NA	NA	NA	NA	NA	NA
BS_25VZM81R	7316-76	Tumor	NA	NA	NA	NA	NA	NA	NA	NA	NA	NA	NA
BS_F5641KTR	7316-2142	Tumor	NA	NA	NA	NA	NA	NA	NA	NA	NA	NA	NA
BS_45913DTA	7316-1088	Tumor	NA	NA	NA	NA	NA	NA	NA	NA	NA	NA	NA
BS_17FVWMNV	7316-1654	Tumor	NA	NA	NA	NA	NA	NA	NA	NA	NA	NA	NA
BS_H83DTMT2	7316-2939	Tumor	NA	NA	NA	NA	NA	NA	NA	NA	NA	NA	NA
BS_GCQEB05M	7316-3055	Tumor	NA	NA	NA	NA	NA	NA	NA	NA	NA	NA	NA
BS_QYWGB52C	7316-3515	Tumor	NA	NA	NA	NA	NA	NA	NA	NA	NA	NA	NA
BS_05S9WJW6	7316-2659	Tumor	NA	NA	NA	NA	NA	NA	NA	NA	NA	NA	NA
BS_HW4MYBZ2	7316-84	Tumor	NA	NA	NA	NA	NA	NA	NA	NA	NA	NA	NA
BS_84AQCZE4	7316-2177	Tumor	NA	NA	NA	NA	NA	NA	NA	NA	NA	NA	NA
BS_BWZTMWTM	7316-1101	Tumor	NA	NA	NA	NA	NA	NA	NA	NA	NA	NA	NA
BS_CDKC1E2B	7316-1757	Tumor	NA	NA	NA	NA	NA	NA	NA	NA	NA	NA	NA
BS_BR1X3R68	7316-1080	Tumor	NA	NA	NA	NA	NA	NA	NA	NA	NA	NA	NA
BS_ERFMPQN3	7316-2189	Tumor	A	NA	NA	NA	NA	1	0	0	0	p.G302Rfs*4, p.V157D	0
BS_02YBZSBY	7316-2189	Tumor	NA	NA	NA	NA	NA	1	0	0	0	p.R306*, p.R273C	0
BS_C6GBYR17	7316-275	Tumor	NA	NA	NA	NA	NA	NA	NA	NA	NA	NA	NA
BS_FT95T4YP	7316-2811	Tumor	NA	NA	NA	NA	NA	0	0	0	1	0	0
BS_WEGGXVYA	7316-2171	Tumor	NA	NA	NA	NA	NA	NA	NA	NA	NA	NA	NA
BS_Y5DA59M3	7316-3025	Tumor	NA	NA	NA	NA	NA	NA	NA	NA	NA	NA	NA
BS_R913E3VB	7316-1949	Tumor	NA	NA	NA	NA	NA	NA	NA	NA	NA	NA	NA
BS_Z14Z2JMW	7316-170	Tumor	NA	NA	NA	NA	NA	NA	NA	NA	NA	NA	NA
BS_XKXDH0YJ	7316-171	Tumor	NA	NA	NA	NA	NA	NA	NA	NA	NA	NA	NA
BS_QX754ADQ	7316-1671	Tumor	NA	NA	NA	NA	NA	NA	NA	NA	NA	NA	NA
BS_YRC54VPP	7316-382	Tumor	NA	NA	NA	NA	NA	NA	NA	NA	NA	NA	NA
BS_4T8J7JEP	7316-1461	Tumor	NA	NA	NA	NA	NA	NA	NA	NA	NA	NA	NA
BS_B1X2SB4P	7316-2578	Tumor	NA	NA	NA	NA	NA	NA	NA	NA	NA	NA	NA
BS_QHTDJG77	7316-2893	Tumor	NA	NA	NA	NA	NA	NA	NA	NA	NA	NA	NA
BS_40FX713C	7316-306	Tumor	NA	NA	NA	NA	NA	0	0	1	0	0	0
BS_ACTR13BQ	7316-1950	Tumor	NA	NA	NA	NA	NA	NA	NA	NA	NA	NA	NA
BS_1B4Q7CNG	7316-1975	Tumor	NA	NA	NA	NA	NA	NA	NA	NA	NA	NA	NA
BS_QGX93WPF	7316-937	Tumor	NA	NA	NA	NA	NA	0	0	0	1	0	0
BS_MDVMT75X	7316-159	Tumor	NA	NA	NA	NA	NA	NA	NA	NA	NA	NA	NA
BS_JVTQD8HH	7316-641	Tumor	NA	NA	NA	NA	NA	NA	NA	NA	NA	NA	NA
BS_NMQTPVFW	7316-347	Tumor	NA	NA	NA	NA	NA	NA	NA	NA	NA	NA	NA
BS_WRJNMEX2	7316-162	Tumor	NA	NA	NA	NA	NA	NA	NA	NA	NA	NA	NA
BS_MVC1NCZX	7316-659	Tumor	NA	NA	NA	NA	NA	NA	NA	NA	NA	NA	NA
BS_P3EVK3C2	7316-362	Tumor	NA	NA	NA	NA	NA	NA	NA	NA	NA	NA	NA
BS_XJZQA3AP	7316-2707	Tumor	NA	NA	NA	NA	NA	NA	NA	NA	NA	NA	NA
BS_3J4T2YYW	7316-2196	Tumor	NA	NA	NA	NA	NA	NA	NA	NA	NA	NA	NA
BS_FG649AWK	7316-215	Tumor	NA	NA	NA	NA	NA	NA	NA	NA	NA	NA	NA
BS_8BD8WD38	7316-735	Tumor	NA	NA	NA	NA	NA	NA	NA	NA	NA	NA	NA
BS_BX8AR74E	7316-729	Tumor	NA	NA	NA	NA	NA	NA	NA	NA	NA	NA	NA
BS_E1VJCEWB	7316-3010	Tumor	NA	NA	NA	NA	NA	NA	NA	NA	NA	NA	NA
BS_89RCN9PF	7316-923	Tumor	NA	NA	NA	NA	NA	NA	NA	NA	NA	NA	NA
BS_NTXHP7QR	7316-561	Tumor	NA	NA	NA	NA	NA	NA	NA	NA	NA	NA	NA
BS_FFD25TTK	7316-2099	Tumor	NA	NA	NA	NA	NA	NA	NA	NA	NA	NA	NA
BS_JBHQ6G3J	7316-1793	Tumor	NA	NA	NA	NA	NA	NA	NA	NA	NA	NA	NA
BS_QK61ST4T	7316-1090	Tumor	NA	NA	NA	NA	NA	NA	NA	NA	NA	NA	NA
BS_KP0YNTAK	7316-1927	Tumor	NA	NA	NA	NA	NA	NA	NA	NA	NA	NA	NA
BS_QDGHHS4S	7316-932	Tumor	NA	NA	NA	NA	NA	NA	NA	NA	NA	NA	NA
BS_JDMM2XG4	7316-2688	Tumor	NA	NA	NA	NA	NA	NA	NA	NA	NA	NA	NA
BS_9BF58P80	7316-3626	Tumor	NA	NA	NA	NA	NA	0	0	1	0	0	0
BS_ZECKZTFC	7316-876	Tumor	NA	NA	NA	NA	NA	NA	NA	NA	NA	NA	NA
BS_H2K7XX4X	7316-22	Tumor	NA	NA	NA	NA	NA	0	0	0	1	0	0
BS_H8MAKDRB	7316-2266	Tumor	NA	NA	NA	NA	NA	0	0	0	1	0	0
BS_ZBWQG7VR	7316-2556	Tumor	NA	NA	NA	NA	NA	NA	NA	NA	NA	NA	NA
BS_WD37M8SD	7316-92	Tumor	NA	NA	NA	NA	NA	NA	NA	NA	NA	NA	NA
BS_20X874J5	7316-2250	Tumor	NA	NA	NA	NA	NA	NA	NA	NA	NA	NA	NA
BS_QA0W86WP	7316-1943	Tumor	NA	NA	NA	NA	NA	NA	NA	NA	NA	NA	NA
BS_R1CV479M	7316-2240	Tumor	NA	NA	NA	NA	NA	NA	NA	NA	NA	NA	NA
BS_XW26N96W	7316-2901	Tumor	NA	NA	NA	NA	NA	NA	NA	NA	NA	NA	NA
BS_SYGKQD8M	7316-156	Tumor	NA	NA	NA	NA	NA	NA	NA	NA	NA	NA	NA
BS_4G9Y2VC6	7316-1970	Tumor	NA	NA	NA	NA	NA	NA	NA	NA	NA	NA	NA
BS_Q807ENGY	7316-3567	Tumor	NA	NA	NA	NA	NA	NA	NA	NA	NA	NA	NA
BS_CN7PB0DN	7316-2311	Tumor	NA	NA	NA	NA	NA	NA	NA	NA	NA	NA	NA
BS_CWQ35N2K	7316-3317	Tumor	NA	NA	NA	NA	NA	NA	NA	NA	NA	NA	NA
BS_9E632VPJ	7316-872	Tumor	NA	NA	NA	NA	NA	NA	NA	NA	NA	NA	NA
BS_BBCM52QE	7316-189	Tumor	NA	NA	NA	NA	NA	NA	NA	NA	NA	NA	NA
BS_HZV4WDTB	7316-3520	Tumor	NA	NA	NA	NA	NA	NA	NA	NA	NA	NA	NA
BS_ASXY97FK	7316-2169	Tumor	NA	NA	NA	NA	NA	NA	NA	NA	NA	NA	NA
BS_5V2XCW17	7316-2648	Tumor	NA	NA	NA	NA	NA	NA	NA	NA	NA	NA	NA
BS_7PKPNFFK	7316-358	Tumor	NA	NA	NA	NA	NA	NA	NA	NA	NA	NA	NA
BS_XCNGQ25H	7316-3070	Tumor	NA	NA	NA	NA	NA	NA	NA	NA	NA	NA	NA
BS_R5G3QP11	7316-3937	Tumor	NA	NA	NA	NA	NA	NA	NA	NA	NA	NA	NA
BS_SSYNTXDC	7316-2150	Tumor	NA	NA	NA	NA	NA	NA	NA	NA	NA	NA	NA
BS_XVBX7ZK1	7316-1683	Tumor	NA	NA	NA	NA	NA	NA	NA	NA	NA	NA	NA
BS_B3RH9V17	7316-1700	Tumor	NA	NA	NA	NA	NA	NA	NA	NA	NA	NA	NA
BS_JX1PK0VW	7316-2686	Tumor	NA	NA	NA	NA	NA	NA	NA	NA	NA	NA	NA
BS_4DY83R02	7316-87	Tumor	NA	NA	NA	NA	NA	NA	NA	NA	NA	NA	NA
BS_ST3Z2B9B	7316-3631	Tumor	NA	NA	NA	NA	NA	1	0	0	0	p.X307_splice, p.X261_splice	0
BS_04B8X54S	7316-3308	Tumor	NA	NA	NA	NA	NA	NA	NA	NA	NA	NA	NA
BS_1EQGGHHQ	7316-1096	Tumor	NA	NA	NA	NA	NA	NA	NA	NA	NA	NA	NA
BS_ZAT0XJE5	7316-2269	Tumor	NA	NA	NA	NA	NA	NA	NA	NA	NA	NA	NA
BS_Y3472DYJ	7316-330	Tumor	NA	NA	NA	NA	NA	NA	NA	NA	NA	NA	NA
BS_GXACEYKB	7316-914	Tumor	NA	NA	NA	NA	NA	NA	NA	NA	NA	NA	NA
BS_P42V737Y	7316-2148	Tumor	NA	NA	NA	NA	NA	NA	NA	NA	NA	NA	NA
BS_8H2XX24V	7316-302	Tumor	NA	NA	NA	NA	NA	NA	NA	NA	NA	NA	NA
BS_CXCKHP3Z	7316-2251	Tumor	NA	NA	NA	NA	NA	NA	NA	NA	NA	NA	NA
BS_8226HD4X	7316-3048	Tumor	NA	NA	NA	NA	NA	NA	NA	NA	NA	NA	NA
BS_AM2TZPNS	7316-164	Tumor	NA	NA	NA	NA	NA	NA	NA	NA	NA	NA	NA
BS_MJ8EGM54	7316-1959	Tumor	NA	NA	NA	NA	NA	NA	NA	NA	NA	NA	NA
BS_9F2J6VS1	7316-3512	Tumor	NA	NA	NA	NA	NA	NA	NA	NA	NA	NA	NA
BS_VKH9KYDB	7316-2562	Tumor	NA	NA	NA	NA	NA	0	0	0	1	0	0
BS_BZ4GKDP4	7316-1773	Tumor	NA	NA	NA	NA	NA	NA	NA	NA	NA	NA	NA
BS_F1B71HTZ	7316-460	Tumor	NA	NA	NA	NA	NA	NA	NA	NA	NA	NA	NA
BS_W50WEJE7	7316-1462	Tumor	NA	NA	NA	NA	NA	NA	NA	NA	NA	NA	NA
BS_N9SMBR24	7316-355	Tumor	NA	NA	NA	NA	NA	NA	NA	NA	NA	NA	NA
BS_7M6F9GQD	7316-3510	Tumor	NA	NA	NA	NA	NA	NA	NA	NA	NA	NA	NA
BS_D3KVGMRJ	7316-1705	Tumor	NA	NA	NA	NA	NA	NA	NA	NA	NA	NA	NA
BS_EDZCAHR2	7316-523	Tumor	NA	NA	NA	NA	NA	NA	NA	NA	NA	NA	NA
BS_JR56RQDC	7316-1476	Tumor	NA	NA	NA	NA	NA	NA	NA	NA	NA	NA	NA
BS_QD22MJJ5	7316-3570	Tumor	NA	NA	NA	NA	NA	NA	NA	NA	NA	NA	NA
BS_39Q80NT3	7316-367	Tumor	NA	NA	NA	NA	NA	0	0	0	1	0	0
BS_NJV6A585	7316-497	Tumor	NA	NA	NA	NA	NA	NA	NA	NA	NA	NA	NA
BS_PJ08ZW9A	7316-3809	Tumor	NA	NA	NA	NA	NA	NA	NA	NA	NA	NA	NA
BS_C5RDMCCS	7316-1965	Tumor	NA	NA	NA	NA	NA	NA	NA	NA	NA	NA	NA
BS_Z4Q8RH5M	7316-121	Tumor	NA	NA	NA	NA	NA	NA	NA	NA	NA	NA	NA
BS_MGBEMNYR	7316-736	Tumor	NA	NA	NA	NA	NA	NA	NA	NA	NA	NA	NA
BS_5V2FBYQG	7316-1854	Tumor	NA	NA	NA	NA	NA	NA	NA	NA	NA	NA	NA
BS_P4K6WK9Y	7316-461	Tumor	NA	NA	NA	p.K28M	0	1	0	0	1	p.R273H	0
BS_1C4WCNQF	7316-2582	Tumor	NA	NA	NA	NA	NA	NA	NA	NA	NA	NA	NA
BS_HSYF7G2D	7316-2934	Tumor	NA	NA	NA	NA	NA	0	0	0	1	0	0
BS_E2RXQ3JW	7316-1779	Tumor	NA	NA	NA	NA	NA	NA	NA	NA	NA	NA	NA
BS_G2016BE5	7316-2663	Tumor	NA	NA	NA	NA	NA	NA	NA	NA	NA	NA	NA
BS_DH86PF5A	7316-3208	Tumor	NA	NA	NA	p.K28M	0	NA	NA	NA	NA	NA	NA
BS_TF6H437Q	7316-155	Tumor	NA	NA	NA	NA	NA	NA	NA	NA	NA	NA	NA
BS_AXM96K20	7316-2591	Tumor	NA	NA	NA	NA	NA	NA	NA	NA	NA	NA	NA
BS_CP435MAC	7316-2324	Tumor	NA	NA	NA	NA	NA	NA	NA	NA	NA	NA	NA
BS_QM1Z8R38	7316-1926	Tumor	NA	NA	NA	NA	NA	NA	NA	NA	NA	NA	NA
BS_WB8P21ED	7316-957	Tumor	NA	NA	NA	NA	NA	NA	NA	NA	NA	NA	NA
BS_XBE002WV	7316-47	Tumor	NA	NA	NA	NA	NA	NA	NA	NA	NA	NA	NA
BS_THH0CE5A	7316-2184	Tumor	NA	NA	NA	NA	NA	NA	NA	NA	NA	NA	NA
BS_PC2YQ4F6	7316-938	Tumor	NA	NA	NA	NA	NA	NA	NA	NA	NA	NA	NA
BS_0FQKT8EY	7316-2276	Tumor	NA	NA	NA	NA	NA	NA	NA	NA	NA	NA	NA
BS_NZRJE7QA	7316-1678	Tumor	NA	NA	NA	NA	NA	NA	NA	NA	NA	NA	NA
BS_KKWQW01N	7316-2725	Tumor	NA	NA	NA	NA	NA	NA	NA	NA	NA	NA	NA
BS_9SVMVJ45	7316-3775	Tumor	NA	NA	NA	NA	NA	NA	NA	NA	NA	NA	NA
BS_XKM2EAT4	7316-185	Tumor	NA	NA	NA	NA	NA	NA	NA	NA	NA	NA	NA
BS_T97EP8H0	7316-297	Tumor	NA	NA	NA	NA	NA	NA	NA	NA	NA	NA	NA
BS_QBZDQX7A	7316-1961	Tumor	NA	NA	NA	NA	NA	NA	NA	NA	NA	NA	NA
BS_E0S2Y0TS	7316-3920	Tumor	NA	NA	NA	NA	NA	1	0	0	0	p.X261_splice	0
BS_K6BMXTW5	7316-127	Tumor	NA	NA	NA	NA	NA	NA	NA	NA	NA	NA	NA
BS_C0YDDQKB	7316-1076	Tumor	NA	NA	NA	NA	NA	NA	NA	NA	NA	NA	NA
BS_245CTSH9	7316-3323	Tumor	NA	NA	NA	NA	NA	NA	NA	NA	NA	NA	NA
BS_797V83YM	7316-1108	Tumor	NA	NA	NA	NA	NA	NA	NA	NA	NA	NA	NA
BS_TPX7YY57	7316-3153	Tumor	NA	NA	NA	NA	NA	NA	NA	NA	NA	NA	NA
BS_J6VRW67C	7316-726	Tumor	NA	NA	NA	NA	NA	NA	NA	NA	NA	NA	NA
BS_9D39MFHT	7316-5	Tumor	NA	NA	NA	NA	NA	NA	NA	NA	NA	NA	NA
BS_N5VYY66W	7316-1962	Tumor	NA	NA	NA	NA	NA	NA	NA	NA	NA	NA	NA
BS_Y9GHDZKS	7316-220	Tumor	NA	NA	NA	NA	NA	NA	NA	NA	NA	NA	NA
BS_K3PPH522	7316-1094	Tumor	NA	NA	NA	NA	NA	NA	NA	NA	NA	NA	NA
BS_3108RS7G	7316-1113	Tumor	NA	NA	NA	NA	NA	NA	NA	NA	NA	NA	NA
BS_MJJZJMTK	7316-880	Tumor	NA	NA	NA	NA	NA	NA	NA	NA	NA	NA	NA
BS_XNTQBZAJ	7316-3511	Tumor	NA	NA	NA	NA	NA	0	0	0	1	0	0
BS_50XV7CTQ	7316-436	Tumor	NA	NA	NA	NA	NA	NA	NA	NA	NA	NA	NA
BS_06GPPDHZ	7316-196	Tumor	NA	NA	NA	NA	NA	NA	NA	NA	NA	NA	NA
BS_R726FKHP	7316-2632	Tumor	NA	NA	NA	NA	NA	NA	NA	NA	NA	NA	NA
BS_JC2187NA	7316-3624	Tumor	NA	NA	NA	NA	NA	NA	NA	NA	NA	NA	NA
BS_03SSN1N2	7316-1744	Tumor	NA	NA	NA	NA	NA	NA	NA	NA	NA	NA	NA
BS_H8E4K1DT	7316-1799	Tumor	NA	NA	NA	NA	NA	NA	NA	NA	NA	NA	NA
BS_GRECE8Q9	7316-3485	Tumor	NA	NA	NA	NA	NA	NA	NA	NA	NA	NA	NA
BS_DE26D072	7316-2933	Tumor	NA	NA	NA	NA	NA	NA	NA	NA	NA	NA	NA
BS_NXZSD2KK	7316-2186	Tumor	NA	NA	NA	p.A115G	0	NA	NA	NA	NA	NA	NA
BS_7Y5E5KQW	7316-3306	Tumor	NA	NA	NA	NA	NA	NA	NA	NA	NA	NA	NA
BS_CKY2TTXG	7316-918	Tumor	NA	NA	NA	NA	NA	NA	NA	NA	NA	NA	NA
BS_78TQS4Y3	7316-2723	Tumor	NA	NA	NA	NA	NA	NA	NA	NA	NA	NA	NA
BS_17AXPP1Y	7316-176	Tumor	NA	NA	NA	NA	NA	NA	NA	NA	NA	NA	NA
BS_PP4WJBNR	7316-954	Tumor	NA	NA	NA	NA	NA	NA	NA	NA	NA	NA	NA
BS_ZH6PC8KM	7316-3621	Tumor	NA	NA	NA	NA	NA	NA	NA	NA	NA	NA	NA
BS_DGG7YE8R	7316-2780	Tumor	NA	NA	NA	NA	NA	NA	NA	NA	NA	NA	NA
BS_Y2C78JC4	7316-3076	Tumor	NA	NA	NA	NA	NA	NA	NA	NA	NA	NA	NA
BS_MW74GF38	7316-1702	Tumor	NA	NA	NA	NA	NA	NA	NA	NA	NA	NA	NA
BS_CFEWVDG1	7316-3151	Tumor	NA	NA	NA	NA	NA	NA	NA	NA	NA	NA	NA
BS_JJNSP29S	7316-2984	Tumor	NA	NA	NA	NA	NA	NA	NA	NA	NA	NA	NA
BS_EFBBP9H3	7316-454	Tumor	NA	NA	NA	NA	NA	NA	NA	NA	NA	NA	NA
BS_XCFNEZ8E	7316-187	Tumor	NA	NA	NA	NA	NA	NA	NA	NA	NA	NA	NA
BS_GMQZNQH8	7316-2182	Tumor	NA	NA	NA	NA	NA	NA	NA	NA	NA	NA	NA
BS_XVNNWN2Z	7316-13	Tumor	NA	NA	NA	NA	NA	NA	NA	NA	NA	NA	NA
BS_APAQ2X2S	7316-1851	Tumor	NA	NA	NA	NA	NA	NA	NA	NA	NA	NA	NA
BS_XSWF2MR1	7316-119	Tumor	NA	NA	NA	NA	NA	NA	NA	NA	NA	NA	NA
BS_Y3ETG5AE	7316-658	Tumor	NA	NA	NA	NA	NA	NA	NA	NA	NA	NA	NA
BS_6HE8H9HY	7316-214	Tumor	NA	NA	NA	NA	NA	NA	NA	NA	NA	NA	NA
BS_ZKZACPVV	7316-476	Tumor	NA	NA	NA	NA	NA	NA	NA	NA	NA	NA	NA
BS_9PQPZPGM	7316-749	Tumor	NA	NA	NA	NA	NA	NA	NA	NA	NA	NA	NA
BS_969K7ZM1	7316-2157	Tumor	NA	NA	NA	NA	NA	NA	NA	NA	NA	NA	NA
BS_SMCPASF0	7316-2572	Tumor	NA	NA	NA	NA	NA	NA	NA	NA	NA	NA	NA
BS_CK7CPM73	7316-3147	Tumor	NA	NA	NA	NA	NA	NA	NA	NA	NA	NA	NA
BS_A4KYP5H0	7316-313	Tumor	NA	NA	NA	NA	NA	0	0	0	1	0	0
BS_SQSH5G7A	7316-2271	Tumor	NA	NA	NA	NA	NA	0	0	0	1	0	0
BS_R922P3XJ	7316-3519	Tumor	NA	NA	NA	NA	NA	NA	NA	NA	NA	NA	NA
BS_FBP5NZNR	7316-456	Tumor	NA	NA	NA	NA	NA	NA	NA	NA	NA	NA	NA
BS_F4D169Q7	7316-924	Tumor	NA	NA	NA	NA	NA	NA	NA	NA	NA	NA	NA
BS_2AWCKNB3	7316-129	Tumor	NA	NA	NA	NA	NA	NA	NA	NA	NA	NA	NA
BS_EP25TTAG	7316-2140	Tumor	NA	NA	NA	NA	NA	1	0	0	0	p.R213L	0
BS_MW16Y7ME	7316-51	Tumor	NA	NA	NA	NA	NA	NA	NA	NA	NA	NA	NA
BS_ZKFEMJZ8	7316-2760	Tumor	NA	NA	NA	NA	NA	NA	NA	NA	NA	NA	NA
BS_JDS0SYST	7316-1945	Tumor	NA	NA	NA	NA	NA	1	0	0	0	p.S127Y	0
BS_FCXEAPJ1	7316-3029	Tumor	NA	NA	NA	NA	NA	NA	NA	NA	NA	NA	NA
BS_6FYTRKJJ	7316-2170	Tumor	NA	NA	NA	NA	NA	0	0	1	0	0	0
BS_WMEYJGDC	7316-387	Tumor	NA	NA	NA	NA	NA	NA	NA	NA	NA	NA	NA
BS_5BNV7MCF	7316-1648	Tumor	NA	NA	NA	NA	NA	NA	NA	NA	NA	NA	NA
BS_4NPEMNAD	7316-224	Tumor	NA	NA	NA	NA	NA	NA	NA	NA	NA	NA	NA
BS_BA0M71QZ	7316-3623	Tumor	NA	NA	NA	NA	NA	NA	NA	NA	NA	NA	NA
BS_6Z4WHYDG	7316-3755	Tumor	NA	NA	NA	NA	NA	NA	NA	NA	NA	NA	NA
BS_6FV7BDE3	7316-1953	Tumor	NA	NA	NA	NA	NA	NA	NA	NA	NA	NA	NA
BS_6T87HSPX	7316-2666	Tumor	NA	NA	NA	NA	NA	NA	NA	NA	NA	NA	NA
BS_16FT8V4B	7316-167	Tumor	NA	NA	NA	NA	NA	1	0	0	0	p.S183Rfs*2	0
BS_MWKJF6XH	7316-874	Tumor	NA	NA	NA	NA	NA	NA	NA	NA	NA	NA	NA
BS_E8SJ36A6	7316-2071	Tumor	NA	NA	NA	NA	NA	NA	NA	NA	NA	NA	NA
BS_G4EX0H98	7316-739	Tumor	NA	NA	NA	NA	NA	NA	NA	NA	NA	NA	NA
BS_RR3DKGKY	7316-3773	Tumor	NA	NA	NA	NA	NA	NA	NA	NA	NA	NA	NA
BS_KT9H4B1N	7316-3150	Tumor	NA	NA	NA	NA	NA	NA	NA	NA	NA	NA	NA
BS_YZ2YNEJJ	7316-1095	Tumor	NA	NA	NA	NA	NA	NA	NA	NA	NA	NA	NA
BS_B94G701Q	7316-1940	Tumor	NA	NA	NA	NA	NA	NA	NA	NA	NA	NA	NA
BS_WP9J88EB	7316-467	Tumor	NA	NA	NA	NA	NA	0	0	1	0	0	0
BS_Z7R92XX6	7316-3762	Tumor	NA	NA	NA	NA	NA	NA	NA	NA	NA	NA	NA
BS_Z61JVJ03	7316-8041	Tumor	NA	NA	NA	p.K28M	0	NA	NA	NA	NA	NA	NA
BS_4K7SDXC7	7316-8101	Tumor	NA	NA	NA	p.K28M	0	1	0	0	0	p.R273H, p.V157F	0
BS_KT3GAAQV	7316-8042	Tumor	NA	NA	NA	NA	NA	NA	NA	NA	NA	NA	NA
BS_XNYH7VK6	7316-8035	Tumor	NA	NA	NA	p.G35R	0	1	0	0	0	p.L257Hfs*89, p.R175H	0
BS_X0KN4VVW	7316-8030	Tumor	NA	NA	NA	NA	NA	NA	NA	NA	NA	NA	NA
BS_2DNGDW0A	7316-8032	Tumor	NA	NA	NA	p.G35R	0	1	0	0	0	p.C135R	0
BS_BT83BCEE	7316-8034	Tumor	NA	NA	NA	NA	NA	0	0	1	0	0	0
BS_Z8GRJ71M	7316-8100	Tumor	NA	NA	NA	p.K28M	0	1	0	0	0	p.R248Q	0
BS_WPV7N6NQ	7316-8658	Tumor	NA	NA	NA	p.K28M	0	1	0	0	0	p.D281G	0
BS_G5VS97AD	7316-8336	Tumor	NA	NA	NA	p.G35R	0	1	0	0	0	p.R342*, p.R273C	0
BS_4SCDT7M9	7316-8031	Tumor	NA	NA	NA	p.K28M	0	1	0	0	0	p.R333Vfs*12, p.D61Vfs*62	0
BS_KHJMCFQR	7316-8031	Tumor	NA	NA	NA	p.K28M	0	1	0	0	0	p.R333Vfs*12, p.D61Vfs*62	0
BS_18RH1034	7316-8028	Tumor	NA	NA	NA	NA	NA	NA	NA	NA	NA	NA	NA
BS_QF7M4SHH	7316-8028	Tumor	NA	NA	NA	NA	NA	NA	NA	NA	NA	NA	NA
BS_DD2N8CEX	7316-8036	Tumor	NA	NA	NA	NA	NA	NA	NA	NA	NA	NA	NA
BS_JC7E55BV	7316-8029	Tumor	NA	NA	NA	p.K28M	0	1	0	0	0	p.R337C, p.R156P	0
BS_TN8CGS84	7316-8029	Tumor	NA	NA	NA	p.K28M	0	1	0	0	0	p.R337C, p.R156P	0
BS_7PAAZQE6	7316-8033	Tumor	NA	NA	NA	NA	NA	NA	NA	NA	NA	NA	NA
BS_91HP99HY	7316-8037	Tumor	NA	NA	NA	p.K28M	0	1	0	0	0	p.R282W	0
BS_JWDK21ED	7316-8038	Tumor	NA	NA	NA	NA	NA	NA	NA	NA	NA	NA	NA
BS_JD5FE0V5	7316-8039	Tumor	NA	NA	NA	NA	NA	1	0	0	0	p.F341Y, p.S94*	0
BS_X8YB5G5J	7316-8377	Tumor	NA	NA	NA	p.K28M	0	NA	NA	NA	NA	NA	NA
BS_9W04ZPRR	7316-8040	Tumor	NA	NA	NA	NA	NA	NA	NA	NA	NA	NA	NA
BS_9RT63JD9	7316-851	Tumor	NA	NA	NA	NA	NA	0	1	0	0	0	p.P72R
BS_58YXHGAJ	7316-1057	Tumor	NA	NA	NA	NA	NA	0	1	0	0	0	p.P72R
BS_MKM0EEN1	7316-548	Tumor	NA	NA	NA	0	p.K28M	0	1	0	0	0	p.R273C, p.P72R
BS_W1385R8Y	7316-622	Tumor	NA	NA	NA	NA	NA	0	1	0	0	0	p.R181P, p.P72R
BS_RCCN63K6	7316-231	Tumor	NA	NA	NA	0	p.K28M	0	1	0	0	0	p.P72R
BS_MN5XVP5A	7316-2970	Tumor	NA	NA	NA	0	p.K28M	0	1	0	0	0	p.P72R
BS_8ZS9F31R	7316-1723	Tumor	NA	NA	NA	NA	NA	0	1	0	0	0	p.P72R
BS_5CTVXVRX	7316-430	Tumor	NA	NA	NA	NA	NA	0	1	0	0	0	p.P72R
BS_2EN3X6HB	7316-1464	Tumor	NA	NA	NA	NA	NA	0	1	0	0	0	p.P72R
BS_W60RQAKK	7316-371	Tumor	NA	NA	NA	NA	NA	0	1	0	0	0	p.R273C, p.P72R
BS_HWGWYCY7	7316-1455	Tumor	NA	NA	NA	NA	NA	0	1	0	0	0	p.R248Q
BS_PXCPK5XS	7316-287	Tumor	NA	NA	NA	NA	NA	0	1	0	0	0	p.R273H
BS_8MA5B8Y9	7316-1694	Tumor	NA	NA	NA	0	p.G35R	0	1	0	0	0	p.R248W, p.P72R
BS_3MS8WVNR	7316-519	Tumor	NA	NA	NA	0	p.G35R	0	1	0	0	0	p.R248W, p.P72R
BS_KBEX4RT2	7316-288	Tumor	NA	NA	NA	0	p.K28M	0	1	0	0	0	p.P72R
BS_FYRDYBMZ	7316-1187	Tumor	NA	NA	NA	NA	NA	0	1	0	0	0	p.P72R
BS_JVW2JJ39	7316-1064	Tumor	NA	NA	NA	NA	NA	0	1	0	0	0	p.R248W, p.R158H, p.P72R
BS_7GJT4A6A	7316-544	Tumor	NA	NA	NA	0	p.K28M	0	1	0	0	0	p.M237I
BS_9CA93S6D	7316-545	Tumor	NA	NA	NA	NA	NA	0	1	0	0	0	p.P72R
BS_TGS109T3	7316-1052	Tumor	NA	NA	NA	0	p.K28M	0	1	0	0	0	p.R282W, p.P72R
BS_6DCSD5Y6	7316-719	Tumor	NA	NA	NA	0	p.K28M	0	1	0	0	0	p.R181P, p.P72R
BS_ZV1P6W9C	7316-1068	Tumor	NA	NA	NA	NA	NA	0	1	0	0	0	p.V216G, p.P72R
BS_3AC3SRWH	7316-624	Tumor	NA	NA	NA	NA	NA	NA	NA	NA	NA	NA	NA
BS_TXZ7KHTQ	7316-1844	Tumor	NA	NA	NA	0	p.K28M	0	1	0	0	0	p.R175H
BS_1D6PZNKN	7316-1695	Tumor	NA	NA	NA	0	p.K28M	0	1	0	0	0	p.Y205C
BS_30VC3R2Q	7316-639	Tumor	NA	NA	NA	0	p.K28M	0	1	0	0	0	p.R267W, p.P72R
BS_W4DB5RP1	7316-550	Tumor	NA	NA	NA	0	p.K28M	0	1	0	0	0	p.R342P, p.Y234C
BS_T1YHK6B7	7316-1062	Tumor	NA	NA	NA	0	p.K28M	0	1	0	0	0	p.R248Q, p.P72R
BS_PQVTB6BB	7316-1312	Tumor	NA	NA	NA	0	p.K28M	0	1	0	0	0	p.P72R
BS_C41DJZ1F	7316-1059	Tumor	NA	NA	NA	NA	NA	0	1	0	0	0	p.P72R
BS_Z8F3GM85	7316-1060	Tumor	NA	NA	NA	0	p.G35R	0	1	0	0	0	p.R342*
BS_SNVM7CZT	7316-619	Tumor	NA	NA	NA	NA	NA	0	1	0	0	0	p.P72R
BS_52MPKTJH	7316-2703	Tumor	NA	NA	NA	NA	NA	0	1	0	0	0	p.P72R
BS_PZVHMSYN	7316-549	Tumor	NA	NA	NA	0	p.K28M	0	1	0	0	0	p.P72R
BS_M85CXHDV	7316-1893	Tumor	NA	NA	NA	0	p.G35R	0	1	0	0	0	p.P72R
BS_6VPKXXMR	7316-1893	Tumor	NA	NA	NA	0	p.G35R	0	1	0	0	0	p.P72R
BS_QB84TBA3	7316-2536	Tumor	NA	NA	NA	0	p.K28M	0	1	0	0	0	p.D281E, p.P72R
BS_SD8YBRBR	7316-2777	Tumor	NA	NA	NA	NA	NA	0	1	0	0	0	p.P72R
BS_DFGS950G	7316-714	Tumor	NA	NA	NA	NA	NA	0	1	0	0	0	p.S127F, p.P72R
BS_B1C6GZ84	7316-715	Tumor	NA	NA	NA	0	p.K28M	0	1	0	0	0	p.W91*
BS_84XCR9GG	7316-2241	Tumor	NA	NA	NA	NA	NA	0	1	0	0	0	p.I255L, p.I254N, p.P72R
BS_W4H1D4Y6	7316-255	Tumor	NA	NA	NA	NA	NA	0	1	0	0	0	p.P72R
BS_M1PVEHCM	7316-1889	Tumor	NA	NA	NA	NA	NA	0	1	0	0	0	p.P72R
BS_4PWDGEB0	7316-716	Tumor	NA	NA	NA	NA	NA	0	1	0	0	0	p.P72R
BS_H1ZS5FMZ	7316-1055	Tumor	NA	NA	NA	NA	NA	0	1	0	0	0	p.R273C, p.P72R
BS_YEW22W35	7316-249	Tumor	NA	NA	NA	0	p.K28M	0	1	0	0	0	p.L93Cfs*30
BS_S2TA8R29	7316-2599	Tumor	NA	NA	NA	NA	NA	0	1	0	0	0	p.P72R
BS_K24D4BGK	7316-8716	Tumor	NA	NA	NA	NA	NA	1	0	0	1	p.R248Q	0
BS_K24D4BGK	7316-8716	Tumor	NA	NA	NA	NA	NA	1	0	0	1	p.R248Q	0
